t,p_Pump,p_FMU,p_Shut,p_Combustion,Flow_PRV,Flow_Bypass,Flow_Pump,Flow_Engine1,Flow_Engine2,Flow_Engine3,Flow_Engine4,RPM_Motor,Signal_Throttle,UID1,UID2
0.0,284.057,-284.052,-284.052,-284.049,1.01707e-07,-2.31249e-09,9.57714e-08,-3.36556e-09,-3.36556e-09,-3.36556e-09,-3.36556e-09,0.0,0.0002,idle,slow1
0.2,284.057,-284.052,-284.052,-284.049,1.01707e-07,-2.31249e-09,9.57714e-08,-3.36556e-09,-3.36556e-09,-3.36556e-09,-3.36556e-09,0.0,0.0002,idle,slow1
0.4,284.057,-284.052,-284.052,-284.049,1.01707e-07,-2.31249e-09,9.57714e-08,-3.36556e-09,-3.36556e-09,-3.36556e-09,-3.36556e-09,0.0,0.0002,idle,slow1
0.6,284.057,-284.052,-284.052,-284.049,1.01707e-07,-2.31249e-09,9.57714e-08,-3.36556e-09,-3.36556e-09,-3.36556e-09,-3.36556e-09,0.0,0.0002,idle,slow1
0.8,284.057,-284.052,-284.052,-284.049,1.01707e-07,-2.31249e-09,9.57714e-08,-3.36556e-09,-3.36556e-09,-3.36556e-09,-3.36556e-09,0.0,0.0002,idle,slow1
1.0,284.057,-284.052,-284.052,-284.049,1.01707e-07,-2.31249e-09,9.57714e-08,-3.36556e-09,-3.36556e-09,-3.36556e-09,-3.36556e-09,0.0,0.0002,idle,slow1
1.2,284.057,-284.052,-284.052,-284.049,1.01707e-07,-2.31249e-09,9.57714e-08,-3.36556e-09,-3.36556e-09,-3.36556e-09,-3.36556e-09,0.0,0.0002,idle,slow1
1.4,284.057,-284.052,-284.052,-284.049,1.01707e-07,-2.31249e-09,9.57714e-08,-3.36556e-09,-3.36556e-09,-3.36556e-09,-3.36556e-09,0.0,0.0002,idle,slow1
1.6,284.057,-284.052,-284.052,-284.049,1.01707e-07,-2.31249e-09,9.57714e-08,-3.36556e-09,-3.36556e-09,-3.36556e-09,-3.36556e-09,0.0,0.0002,idle,slow1
1.8,284.057,-284.052,-284.052,-284.049,1.01707e-07,-2.31249e-09,9.57714e-08,-3.36556e-09,-3.36556e-09,-3.36556e-09,-3.36556e-09,0.0,0.0002,idle,slow1
2.0,284.057,-284.052,-284.052,-284.049,1.01707e-07,-2.31249e-09,9.57714e-08,-3.36556e-09,-3.36556e-09,-3.36556e-09,-3.36556e-09,0.0,0.0002,idle,slow1
2.2,284.057,-284.052,-284.052,-284.049,1.01707e-07,-2.31249e-09,9.57714e-08,-3.36556e-09,-3.36556e-09,-3.36556e-09,-3.36556e-09,0.0,0.0002,idle,slow1
2.4,284.057,-284.052,-284.052,-284.049,1.01707e-07,-2.31249e-09,9.57714e-08,-3.36556e-09,-3.36556e-09,-3.36556e-09,-3.36556e-09,0.0,0.0002,idle,slow1
2.6,284.057,-284.052,-284.052,-284.049,1.01707e-07,-2.31249e-09,9.57714e-08,-3.36556e-09,-3.36556e-09,-3.36556e-09,-3.36556e-09,0.0,0.0002,idle,slow1
2.8,284.057,-284.052,-284.052,-284.049,1.01707e-07,-2.31249e-09,9.57714e-08,-3.36556e-09,-3.36556e-09,-3.36556e-09,-3.36556e-09,0.0,0.0002,idle,slow1
3.0,284.057,-284.052,-284.052,-284.049,1.01707e-07,-2.31249e-09,9.57714e-08,-3.36556e-09,-3.36556e-09,-3.36556e-09,-3.36556e-09,0.0,0.0002,idle,slow1
3.2,284.057,-284.052,-284.052,-284.049,1.01707e-07,-2.31249e-09,9.57714e-08,-3.36556e-09,-3.36556e-09,-3.36556e-09,-3.36556e-09,0.0,0.0002,idle,slow1
3.4,284.057,-284.052,-284.052,-284.049,1.01707e-07,-2.31249e-09,9.57714e-08,-3.36556e-09,-3.36556e-09,-3.36556e-09,-3.36556e-09,0.0,0.0002,idle,slow1
3.6,284.057,-284.052,-284.052,-284.049,1.01707e-07,-2.31249e-09,9.57714e-08,-3.36556e-09,-3.36556e-09,-3.36556e-09,-3.36556e-09,0.0,0.0002,idle,slow1
3.8,284.057,-284.052,-284.052,-284.049,1.01707e-07,-2.31249e-09,9.57714e-08,-3.36556e-09,-3.36556e-09,-3.36556e-09,-3.36556e-09,0.0,0.0002,idle,slow1
4.0,284.057,-284.052,-284.052,-284.049,1.01707e-07,-2.31249e-09,9.57714e-08,-3.36556e-09,-3.36556e-09,-3.36556e-09,-3.36556e-09,0.0,0.0002,idle,slow1
4.2,284.057,-284.052,-284.052,-284.049,1.01707e-07,-2.31249e-09,9.57714e-08,-3.36556e-09,-3.36556e-09,-3.36556e-09,-3.36556e-09,0.0,0.0002,idle,slow1
4.4,284.057,-284.052,-284.052,-284.049,1.01707e-07,-2.31249e-09,9.57714e-08,-3.36556e-09,-3.36556e-09,-3.36556e-09,-3.36556e-09,0.0,0.0002,idle,slow1
4.6,284.057,-284.052,-284.052,-284.049,1.01707e-07,-2.31249e-09,9.57714e-08,-3.36556e-09,-3.36556e-09,-3.36556e-09,-3.36556e-09,0.0,0.0002,idle,slow1
4.8,284.057,-284.052,-284.052,-284.049,1.01707e-07,-2.31249e-09,9.57714e-08,-3.36556e-09,-3.36556e-09,-3.36556e-09,-3.36556e-09,0.0,0.0002,idle,slow1
5.0,284.057,-284.052,-284.052,-284.049,1.01707e-07,-2.31249e-09,9.57714e-08,-3.36556e-09,-3.36556e-09,-3.36556e-09,-3.36556e-09,0.0,0.0002,idle,slow1
5.2,1345820.0,1261980.0,1259130.0,1220420.0,3.90028e-07,3.75755e-07,0.000173196,0.000172433,0.000172446,0.000172447,0.000172453,98.6147,0.0002,ramp up,slow1
5.4,2289830.0,1604000.0,1580710.0,1263910.0,5.01629e-07,4.90224e-07,0.000493921,0.000492934,0.000493198,0.000493207,0.000493342,199.892,0.0002,ramp up,slow1
5.6,3547990.0,2039740.0,1988490.0,1291480.0,6.19964e-07,6.10356e-07,0.000731792,0.000730569,0.000731371,0.0007314,0.00073182,301.091,0.0002,ramp up,slow1
5.8,4906440.0,2504200.0,2422540.0,1311880.0,7.26488e-07,7.17923e-07,0.000922867,0.000921433,0.000922991,0.000923047,0.000923862,400.253,0.0002,ramp up,slow1
6.0,6321230.0,2985090.0,2871650.0,1328450.0,8.22982e-07,8.1508e-07,0.0010868,0.00108518,0.00108768,0.00108777,0.00108907,501.78,0.0002,ramp up,slow1
6.2,6714500.0,3118460.0,2996160.0,1332520.0,8.47872e-07,0.000524641,0.00164831,0.00112646,0.00112925,0.00112935,0.0011308,596.49,0.0002,running,slow1
6.4,6719100.0,3120020.0,2997620.0,1332560.0,8.48159e-07,0.000701736,0.00182465,0.00112693,0.00112973,0.00112983,0.00113128,626.326,0.0002,running,slow1
6.6,6718370.0,3119770.0,2997390.0,1332560.0,8.48113e-07,0.000673734,0.00179677,0.00112686,0.00112965,0.00112975,0.0011312,627.324,0.0002,running,slow1
6.8,6718320.0,3119760.0,2997380.0,1332560.0,8.4811e-07,0.000671894,0.00179493,0.00112685,0.00112965,0.00112975,0.0011312,631.443,0.0002,running,slow1
7.0,6718610.0,3119860.0,2997470.0,1332560.0,8.48128e-07,0.000683041,0.00180603,0.00112688,0.00112968,0.00112978,0.00113123,624.494,0.0002,running,slow1
7.2,6718700.0,3119890.0,2997500.0,1332570.0,8.48134e-07,0.000686469,0.00180945,0.00112689,0.00112969,0.00112979,0.00113124,628.388,0.0002,running,slow1
7.4,6717930.0,3119630.0,2997260.0,1332560.0,8.48086e-07,0.000656901,0.00178001,0.00112681,0.00112961,0.00112971,0.00113116,629.866,0.0002,running,slow1
7.6,6718620.0,3119860.0,2997480.0,1332570.0,8.48129e-07,0.000683378,0.00180637,0.00112688,0.00112968,0.00112978,0.00113123,629.503,0.0002,running,slow1
7.8,6718680.0,3119880.0,2997500.0,1332570.0,8.48133e-07,0.000685595,0.00180858,0.00112689,0.00112968,0.00112978,0.00113123,629.1,0.0002,running,slow1
8.0,6718470.0,3119810.0,2997430.0,1332570.0,8.48119e-07,0.000677393,0.00180041,0.00112687,0.00112966,0.00112976,0.00113121,626.855,0.0002,running,slow1
8.2,6717700.0,3119550.0,2997190.0,1332570.0,8.48071e-07,0.000647867,0.00177101,0.00112679,0.00112958,0.00112968,0.00113113,627.739,0.0002,running,slow1
8.4,6718680.0,3119890.0,2997500.0,1332580.0,8.48132e-07,0.000685458,0.00180844,0.00112689,0.00112968,0.00112978,0.00113123,626.019,0.0002,running,slow1
8.6,6718530.0,3119840.0,2997460.0,1332580.0,8.48124e-07,0.000680014,0.00180302,0.00112687,0.00112967,0.00112977,0.00113122,627.097,0.0002,running,slow1
8.8,6719170.0,3120060.0,2997660.0,1332590.0,8.48163e-07,0.000704646,0.00182755,0.00112694,0.00112974,0.00112983,0.00113128,628.126,0.0002,running,slow1
9.0,6718670.0,3119890.0,2997500.0,1332580.0,8.48132e-07,0.000685115,0.0018081,0.00112689,0.00112968,0.00112978,0.00113123,623.21,0.0002,running,slow1
9.2,6718780.0,3119920.0,2997540.0,1332590.0,8.48139e-07,0.000689361,0.00181233,0.0011269,0.00112969,0.00112979,0.00113124,629.192,0.0002,running,slow1
9.4,6718500.0,3119830.0,2997450.0,1332580.0,8.48121e-07,0.000678639,0.00180165,0.00112687,0.00112966,0.00112976,0.00113121,631.428,0.0002,running,slow1
9.6,6718520.0,3119840.0,2997460.0,1332590.0,8.48122e-07,0.000679344,0.00180235,0.00112687,0.00112967,0.00112977,0.00113122,626.619,0.0002,running,slow1
9.8,6718480.0,3119830.0,2997450.0,1332590.0,8.4812e-07,0.000677942,0.00180095,0.00112687,0.00112966,0.00112976,0.00113121,622.402,0.0002,running,slow1
10.0,6718960.0,3119990.0,2997600.0,1332590.0,8.4815e-07,0.00069627,0.0018192,0.00112691,0.00112971,0.00112981,0.00113126,635.667,0.0002,running,slow1
10.2,6718510.0,3119840.0,2997460.0,1332590.0,8.48122e-07,0.000679077,0.00180208,0.00112687,0.00112967,0.00112976,0.00113121,629.209,0.0002,running,slow1
10.4,6718640.0,3119880.0,2997500.0,1332590.0,8.4813e-07,0.000684024,0.00180701,0.00112688,0.00112968,0.00112978,0.00113123,629.394,0.0002,running,slow1
10.6,6718590.0,3119870.0,2997490.0,1332600.0,8.48127e-07,0.00068215,0.00180514,0.00112688,0.00112967,0.00112977,0.00113122,631.116,0.0002,running,slow1
10.8,6718740.0,3119920.0,2997540.0,1332600.0,8.48136e-07,0.000687988,0.00181096,0.00112689,0.00112969,0.00112979,0.00113124,627.872,0.0002,running,slow1
11.0,6718970.0,3120000.0,2997610.0,1332600.0,8.48151e-07,0.000696723,0.00181965,0.00112691,0.00112971,0.00112981,0.00113126,625.91,0.0002,running,slow1
11.2,6718480.0,3119830.0,2997450.0,1332600.0,8.4812e-07,0.000677849,0.00180086,0.00112686,0.00112966,0.00112976,0.00113121,629.792,0.0002,running,slow1
11.4,6718760.0,3119930.0,2997550.0,1332600.0,8.48138e-07,0.000688765,0.00181173,0.00112689,0.00112969,0.00112979,0.00113124,627.075,0.0002,running,slow1
11.6,6719040.0,3120030.0,2997630.0,1332610.0,8.48155e-07,0.000699395,0.00182231,0.00112692,0.00112972,0.00112982,0.00113127,627.834,0.0002,running,slow1
11.8,6718360.0,3119800.0,2997420.0,1332600.0,8.48113e-07,0.000673268,0.0017963,0.00112685,0.00112965,0.00112975,0.0011312,626.113,0.0002,running,slow1
12.0,6717900.0,3119640.0,2997280.0,1332600.0,8.48084e-07,0.000655787,0.00177889,0.0011268,0.0011296,0.0011297,0.00113115,630.387,0.0002,running,slow1
12.2,6714470.0,3728140.0,3565270.0,1349100.0,8.4787e-07,0.000523702,0.00182118,0.00130026,0.00130293,0.00130308,0.00130526,628.015,0.000246667,running,accelerating
12.4,6710390.0,4242090.0,4044880.0,1361100.0,8.47615e-07,0.000366698,0.00179601,0.00143101,0.00143343,0.00143362,0.00143649,627.228,0.000293333,running,accelerating
12.6,6708130.0,4661510.0,4436230.0,1369930.0,8.47475e-07,0.00027991,0.00180852,0.0015297,0.00153184,0.00153208,0.00153554,624.713,0.00034,running,accelerating
12.8,6706290.0,4998020.0,4750180.0,1376520.0,8.4736e-07,0.000209408,0.00181343,0.00160463,0.0016065,0.00160677,0.00161074,630.087,0.000386667,running,accelerating
13.0,6704210.0,5266490.0,5000650.0,1381510.0,8.4723e-07,0.000129485,0.00179149,0.00166206,0.00166369,0.00166399,0.00166838,627.553,0.000433333,running,accelerating
13.2,6703480.0,5482310.0,5201980.0,1385360.0,8.47184e-07,0.000101154,0.00180816,0.00170686,0.00170828,0.00170861,0.00171335,630.73,0.00048,running,accelerating
13.4,6702830.0,5656320.0,5364310.0,1388380.0,8.47144e-07,7.64215e-05,0.00181891,0.00174217,0.00174341,0.00174376,0.00174879,628.839,0.000526667,running,accelerating
13.6,6701700.0,5797620.0,5496260.0,1392860.0,8.47073e-07,3.28435e-05,0.00180338,0.00176992,0.00177101,0.00177137,0.00177664,627.747,0.000573333,running,accelerating
13.8,6701010.0,5914160.0,5605350.0,1400360.0,8.4703e-07,1.21858e-05,0.00180468,0.00179174,0.00179269,0.00179307,0.00179852,626.252,0.00062,running,accelerating
14.0,6701200.0,6011040.0,5696040.0,1406600.0,8.47042e-07,1.69585e-05,0.00182735,0.00180967,0.00181052,0.0018109,0.00181651,628.139,0.000666667,running,accelerating
14.2,6637650.0,6034950.0,5718420.0,1408140.0,8.43065e-07,8.35276e-07,0.00181581,0.00181415,0.00181489,0.00181528,0.00182092,628.176,0.000713333,running,accelerating
14.4,6661230.0,6123200.0,5801030.0,1413820.0,8.44543e-07,8.36762e-07,0.00183193,0.00183026,0.00183093,0.00183133,0.00183712,631.808,0.00076,running,accelerating
14.6,6572540.0,6099090.0,5778460.0,1412270.0,8.38972e-07,8.3116e-07,0.00182763,0.00182598,0.00182656,0.00182696,0.00183271,628.211,0.000806667,running,accelerating
14.8,6656110.0,6224000.0,5895380.0,1420310.0,8.44223e-07,8.36439e-07,0.0018502,0.00184854,0.00184908,0.00184949,0.00185545,626.464,0.000853333,running,accelerating
15.0,6552760.0,6169600.0,5844460.0,1416810.0,8.37724e-07,8.29905e-07,0.00184048,0.00183883,0.00183931,0.00183971,0.00184558,631.235,0.0009,running,accelerating
15.2,6547560.0,6164760.0,5839940.0,1416500.0,8.37396e-07,8.29576e-07,0.00183961,0.00183796,0.00183843,0.00183884,0.0018447,627.712,0.0009,running,fast
15.4,6622380.0,6234340.0,5905060.0,1420980.0,8.42107e-07,8.34312e-07,0.00185211,0.00185044,0.00185093,0.00185134,0.00185732,629.404,0.0009,running,fast
15.6,6586870.0,6201320.0,5874150.0,1418860.0,8.39875e-07,8.32068e-07,0.00184619,0.00184453,0.00184501,0.00184542,0.00185134,629.603,0.0009,running,fast
15.8,6579340.0,6194310.0,5867600.0,1418410.0,8.394e-07,8.31591e-07,0.00184493,0.00184327,0.00184375,0.00184416,0.00185007,627.336,0.0009,running,fast
16.0,6607370.0,6220390.0,5892000.0,1420090.0,8.41164e-07,8.33364e-07,0.0018496,0.00184794,0.00184843,0.00184884,0.00185479,627.44,0.0009,running,fast
16.2,6588370.0,6202720.0,5875460.0,1418960.0,8.39969e-07,8.32163e-07,0.00184644,0.00184478,0.00184526,0.00184567,0.00185159,624.949,0.0009,running,fast
16.4,6609150.0,6222040.0,5893550.0,1420210.0,8.41276e-07,8.33477e-07,0.0018499,0.00184824,0.00184872,0.00184914,0.00185509,629.98,0.0009,running,fast
16.6,6592040.0,6206120.0,5878650.0,1419180.0,8.402e-07,8.32394e-07,0.00184705,0.00184539,0.00184587,0.00184628,0.0018522,629.619,0.0009,running,fast
16.8,6567360.0,6183180.0,5857180.0,1417710.0,8.38646e-07,8.30832e-07,0.00184292,0.00184127,0.00184175,0.00184215,0.00184804,624.093,0.0009,running,fast
17.0,6542480.0,6160040.0,5835510.0,1416220.0,8.37075e-07,8.29253e-07,0.00183875,0.0018371,0.00183758,0.00183798,0.00184383,627.954,0.0009,running,fast
17.2,6578310.0,6158480.0,5834060.0,1416130.0,8.39335e-07,8.31525e-07,0.00183843,0.00183677,0.0018373,0.0018377,0.00184355,631.769,0.00086,running,decelerating
17.4,6621690.0,6158560.0,5834130.0,1416130.0,8.42064e-07,8.34269e-07,0.0018384,0.00183673,0.00183731,0.00183772,0.00184356,626.383,0.00082,running,decelerating
17.6,6601230.0,6094250.0,5773930.0,1412000.0,8.40778e-07,8.32976e-07,0.00182671,0.00182505,0.00182567,0.00182607,0.00183181,631.822,0.00078,running,decelerating
17.8,6622950.0,6061390.0,5743170.0,1409890.0,8.42143e-07,8.34349e-07,0.00182067,0.00181901,0.0018197,0.00182009,0.00182578,626.454,0.00074,running,decelerating
18.0,6643870.0,6019150.0,5703630.0,1407170.0,8.43456e-07,8.35668e-07,0.00181289,0.00181122,0.00181199,0.00181238,0.001818,635.582,0.0007,running,decelerating
18.2,6701500.0,5998570.0,5684370.0,1405850.0,8.47061e-07,2.59669e-05,0.00183399,0.00180736,0.00180822,0.00180861,0.00181419,634.418,0.00066,running,decelerating
18.4,6656210.0,5875650.0,5569300.0,1397950.0,8.44229e-07,8.36446e-07,0.00178627,0.0017846,0.00178554,0.00178592,0.0017913,624.433,0.00062,running,decelerating
18.6,6702060.0,5816120.0,5513580.0,1394120.0,8.47096e-07,4.6885e-05,0.00182079,0.00177339,0.00177446,0.00177482,0.00178011,628.693,0.00058,running,decelerating
18.8,6702190.0,5699340.0,5404440.0,1389190.0,8.47104e-07,5.1785e-05,0.00180305,0.00175078,0.00175197,0.00175233,0.00175743,628.844,0.00054,running,decelerating
19.0,6702920.0,5561220.0,5275600.0,1386820.0,8.47149e-07,7.98558e-05,0.00180309,0.00172295,0.00172428,0.00172462,0.00172949,629.792,0.0005,running,decelerating
19.2,6703600.0,5395440.0,5120950.0,1383910.0,8.47192e-07,0.00010579,0.00179485,0.00168895,0.00169045,0.00169077,0.00169537,629.255,0.00046,running,decelerating
19.4,6705140.0,5196110.0,4934990.0,1380310.0,8.47288e-07,0.000165213,0.00181208,0.00164717,0.00164886,0.00164916,0.00165344,623.824,0.00042,running,decelerating
19.6,6706550.0,4954480.0,4709570.0,1375780.0,8.47376e-07,0.00021904,0.00181347,0.00159511,0.00159701,0.00159728,0.00160118,626.829,0.00038,running,decelerating
19.8,6707980.0,4661460.0,4436190.0,1370030.0,8.47465e-07,0.0002742,0.00180281,0.00152967,0.0015318,0.00153204,0.00153551,628.44,0.00034,running,decelerating
20.0,6710740.0,4308060.0,4106450.0,1362640.0,8.47637e-07,0.000380052,0.0018252,0.00144694,0.00144932,0.00144952,0.00145247,622.749,0.0003,running,decelerating
20.2,6709960.0,4307630.0,4106050.0,1362630.0,8.47588e-07,0.000350086,0.00179534,0.00144684,0.00144921,0.00144941,0.00145237,632.786,0.0003,running,slow2
20.4,6710960.0,4308190.0,4106570.0,1362650.0,8.47651e-07,0.00038868,0.0018338,0.00144697,0.00144935,0.00144955,0.0014525,628.465,0.0003,running,slow2
20.6,6709430.0,4307340.0,4105780.0,1362630.0,8.47556e-07,0.000329848,0.00177517,0.00144677,0.00144914,0.00144934,0.0014523,626.82,0.0003,running,slow2
20.8,6710880.0,4308140.0,4106530.0,1362650.0,8.47646e-07,0.000385556,0.00183069,0.00144696,0.00144933,0.00144954,0.00145249,626.035,0.0003,running,slow2
21.0,6710290.0,4307820.0,4106230.0,1362640.0,8.47609e-07,0.000363,0.00180821,0.00144688,0.00144926,0.00144946,0.00145241,625.082,0.0003,running,slow2
21.2,6709880.0,4307590.0,4106010.0,1362640.0,8.47584e-07,0.000347162,0.00179242,0.00144682,0.0014492,0.0014494,0.00145236,631.321,0.0003,running,slow2
21.4,6710380.0,4307870.0,4106270.0,1362650.0,8.47615e-07,0.000366401,0.0018116,0.00144689,0.00144927,0.00144947,0.00145242,626.722,0.0003,running,slow2
21.6,6709710.0,4307500.0,4105930.0,1362640.0,8.47573e-07,0.00034081,0.00178609,0.0014468,0.00144918,0.00144938,0.00145233,629.446,0.0003,running,slow2
21.8,6710330.0,4307850.0,4106250.0,1362650.0,8.47612e-07,0.00036455,0.00180975,0.00144688,0.00144926,0.00144946,0.00145242,628.654,0.0003,running,slow2
22.0,6709960.0,4307640.0,4106060.0,1362650.0,8.47589e-07,0.000350131,0.00179538,0.00144683,0.00144921,0.00144941,0.00145237,627.557,0.0003,running,slow2
22.2,6709880.0,4307600.0,4106020.0,1362650.0,8.47584e-07,0.000347217,0.00179248,0.00144682,0.0014492,0.0014494,0.00145236,627.293,0.0003,running,slow2
22.4,6709810.0,4307560.0,4105990.0,1362650.0,8.4758e-07,0.000344636,0.00178991,0.00144681,0.00144919,0.00144939,0.00145235,632.442,0.0003,running,slow2
22.6,6709360.0,4307310.0,4105750.0,1362650.0,8.47551e-07,0.000327029,0.00177236,0.00144675,0.00144913,0.00144933,0.00145228,630.771,0.0003,running,slow2
22.8,6710200.0,4307780.0,4106190.0,1362660.0,8.47604e-07,0.00035962,0.00180484,0.00144687,0.00144924,0.00144944,0.0014524,628.255,0.0003,running,slow2
23.0,6709970.0,4307650.0,4106070.0,1362660.0,8.47589e-07,0.000350471,0.00179572,0.00144683,0.00144921,0.00144941,0.00145237,626.184,0.0003,running,slow2
23.2,6709750.0,4307530.0,4105960.0,1362660.0,8.47576e-07,0.000342243,0.00178752,0.0014468,0.00144918,0.00144938,0.00145234,630.485,0.0003,running,slow2
23.4,6710800.0,4308110.0,4106500.0,1362680.0,8.47641e-07,0.000382391,0.00182753,0.00144694,0.00144932,0.00144952,0.00145248,624.182,0.0003,running,slow2
23.6,6709780.0,4307550.0,4105980.0,1362670.0,8.47578e-07,0.00034351,0.00178878,0.00144681,0.00144918,0.00144939,0.00145234,628.687,0.0003,running,slow2
23.8,6710320.0,4307850.0,4106250.0,1362670.0,8.47611e-07,0.000363993,0.00180919,0.00144688,0.00144925,0.00144946,0.00145241,628.731,0.0003,running,slow2
24.0,6710340.0,4307860.0,4106260.0,1362680.0,8.47612e-07,0.000364696,0.00180989,0.00144688,0.00144926,0.00144946,0.00145241,627.507,0.0003,running,slow2
24.2,6709700.0,4307500.0,4105930.0,1362670.0,8.47572e-07,0.000340077,0.00178536,0.0014468,0.00144917,0.00144937,0.00145233,629.158,0.0003,running,slow2
24.4,6710100.0,4307730.0,4106140.0,1362680.0,8.47597e-07,0.000355621,0.00180085,0.00144685,0.00144923,0.00144943,0.00145238,623.832,0.0003,running,slow2
24.6,6710550.0,4307980.0,4106380.0,1362690.0,8.47625e-07,0.000372765,0.00181793,0.00144691,0.00144928,0.00144949,0.00145244,626.509,0.0003,running,slow2
24.8,6709540.0,4307420.0,4105860.0,1362680.0,8.47563e-07,0.000334156,0.00177946,0.00144677,0.00144915,0.00144935,0.00145231,631.522,0.0003,running,slow2
25.0,6709990.0,4307670.0,4106090.0,1362680.0,8.47591e-07,0.000351492,0.00179673,0.00144683,0.00144921,0.00144941,0.00145237,628.787,0.0003,running,slow2
25.2,6710560.0,4307990.0,4106390.0,1362690.0,8.47626e-07,0.000373381,0.00181855,0.00144691,0.00144929,0.00144949,0.00145244,629.153,0.0003,running,slow2
25.4,6710460.0,4307930.0,4106340.0,1362690.0,8.4762e-07,0.000369417,0.0018146,0.0014469,0.00144927,0.00144947,0.00145243,631.22,0.0003,running,slow2
25.6,6710000.0,4307680.0,4106100.0,1362690.0,8.47591e-07,0.0003517,0.00179694,0.00144683,0.00144921,0.00144941,0.00145237,628.066,0.0003,running,slow2
25.8,6709980.0,4307670.0,4106090.0,1362690.0,8.4759e-07,0.000350935,0.00179618,0.00144683,0.00144921,0.00144941,0.00145236,626.725,0.0003,running,slow2
26.0,6710090.0,4307730.0,4106150.0,1362700.0,8.47597e-07,0.000355343,0.00180057,0.00144685,0.00144922,0.00144942,0.00145238,628.969,0.0003,running,slow2
26.2,6709800.0,4307570.0,4106000.0,1362700.0,8.47579e-07,0.00034403,0.0017893,0.00144681,0.00144918,0.00144938,0.00145234,629.914,0.0003,running,slow2
26.4,6709580.0,4307450.0,4105890.0,1362690.0,8.47565e-07,0.000335756,0.00178105,0.00144678,0.00144915,0.00144936,0.00145231,630.149,0.0003,running,slow2
26.6,6710260.0,4307830.0,4106240.0,1362710.0,8.47607e-07,0.000361665,0.00180687,0.00144687,0.00144924,0.00144945,0.0014524,627.916,0.0003,running,slow2
26.8,6710670.0,4308060.0,4106450.0,1362710.0,8.47633e-07,0.000377369,0.00182252,0.00144692,0.0014493,0.0014495,0.00145245,627.916,0.0003,running,slow2
27.0,6710060.0,4307720.0,4106140.0,1362710.0,8.47595e-07,0.000354287,0.00179952,0.00144684,0.00144922,0.00144942,0.00145237,626.369,0.0003,running,slow2
27.2,6710080.0,4307730.0,4106150.0,1362710.0,8.47596e-07,0.000354948,0.00180017,0.00144684,0.00144922,0.00144942,0.00145238,629.248,0.0003,running,slow2
27.4,6710720.0,4308090.0,4106480.0,1362720.0,8.47636e-07,0.000379533,0.00182467,0.00144693,0.0014493,0.00144951,0.00145246,629.355,0.0003,running,slow2
27.6,6710230.0,4307820.0,4106230.0,1362720.0,8.47605e-07,0.0003605,0.00180571,0.00144686,0.00144924,0.00144944,0.00145239,628.573,0.0003,running,slow2
27.8,6710090.0,4307740.0,4106160.0,1362720.0,8.47597e-07,0.000355207,0.00180043,0.00144684,0.00144922,0.00144942,0.00145238,626.194,0.0003,running,slow2
28.0,6709890.0,4307630.0,4106060.0,1362720.0,8.47585e-07,0.000347752,0.001793,0.00144682,0.00144919,0.00144939,0.00145235,630.596,0.0003,running,slow2
28.2,6709910.0,4307640.0,4106070.0,1362720.0,8.47586e-07,0.000348339,0.00179359,0.00144682,0.00144919,0.0014494,0.00145235,623.435,0.0003,running,slow2
28.4,6710420.0,4307930.0,4106330.0,1362730.0,8.47617e-07,0.000367768,0.00181295,0.00144689,0.00144926,0.00144946,0.00145242,626.845,0.0003,running,slow2
28.6,6710140.0,4307770.0,4106190.0,1362730.0,8.476e-07,0.000357251,0.00180247,0.00144685,0.00144922,0.00144943,0.00145238,630.943,0.0003,running,slow2
28.8,6710070.0,4307740.0,4106150.0,1362730.0,8.47596e-07,0.000354593,0.00179982,0.00144684,0.00144921,0.00144942,0.00145237,625.301,0.0003,running,slow2
29.0,6709820.0,4307600.0,4106020.0,1362730.0,8.4758e-07,0.000344822,0.00179008,0.0014468,0.00144918,0.00144938,0.00145234,627.345,0.0003,running,slow2
29.2,6710040.0,4307720.0,4106140.0,1362730.0,8.47594e-07,0.000353258,0.00179849,0.00144683,0.00144921,0.00144941,0.00145237,628.427,0.0003,running,slow2
29.4,6709970.0,4307680.0,4106100.0,1362730.0,8.47589e-07,0.000350702,0.00179594,0.00144682,0.0014492,0.0014494,0.00145236,628.07,0.0003,running,slow2
29.6,6711120.0,4308320.0,4106700.0,1362750.0,8.47661e-07,0.000394862,0.00183995,0.00144698,0.00144935,0.00144956,0.00145251,628.738,0.0003,running,slow2
29.8,6709650.0,4307500.0,4105940.0,1362730.0,8.47569e-07,0.000338229,0.00178351,0.00144678,0.00144916,0.00144936,0.00145231,626.115,0.0003,running,slow2
30.0,6710380.0,4307910.0,4106320.0,1362740.0,8.47615e-07,0.000366277,0.00181146,0.00144688,0.00144925,0.00144946,0.00145241,627.407,0.0003,running,slow2
