t,p_Pump,p_FMU,p_Shut,p_Combustion,Flow_PRV,Flow_Bypass,Flow_Pump,Flow_Engine1,Flow_Engine2,Flow_Engine3,Flow_Engine4,RPM_Motor,Signal_Throttle
0.0,0.0014495364077123786,-0.001551638855191827,-0.0016401458963592735,-0.007149287766802243,-0.006784319524055917,-6.3330241192562e-05,-3.490097597135515e-05,-2.947089923752349e-07,-2.9462927145164436e-07,-2.945610407583425e-07,-2.935907348193353e-07,0.0,-3.87215061601966e-15
0.2,0.0014495364077123786,-0.001551638855191827,-0.0016401458963592735,-0.007149287766802243,-0.006784319524055917,-6.3330241192562e-05,-3.490097597135515e-05,-2.947089923752349e-07,-2.9462927145164436e-07,-2.945610407583425e-07,-2.935907348193353e-07,0.0,-3.87215061601966e-15
0.4,0.0014495364077123786,-0.001551638855191827,-0.0016401458963592735,-0.007149287766802243,-0.006784319524055917,-6.3330241192562e-05,-3.490097597135515e-05,-2.947089923752349e-07,-2.9462927145164436e-07,-2.945610407583425e-07,-2.935907348193353e-07,0.0,-3.87215061601966e-15
0.6,0.0014495364077123786,-0.001551638855191827,-0.0016401458963592735,-0.007149287766802243,-0.006784319524055917,-6.3330241192562e-05,-3.490097597135515e-05,-2.947089923752349e-07,-2.9462927145164436e-07,-2.945610407583425e-07,-2.935907348193353e-07,0.0,-3.87215061601966e-15
0.8,0.0014495364077123786,-0.001551638855191827,-0.0016401458963592735,-0.007149287766802243,-0.006784319524055917,-6.3330241192562e-05,-3.490097597135515e-05,-2.947089923752349e-07,-2.9462927145164436e-07,-2.945610407583425e-07,-2.935907348193353e-07,0.0,-3.87215061601966e-15
1.0,0.0014495364077123786,-0.001551638855191827,-0.0016401458963592735,-0.007149287766802243,-0.006784319524055917,-6.3330241192562e-05,-3.490097597135515e-05,-2.947089923752349e-07,-2.9462927145164436e-07,-2.945610407583425e-07,-2.935907348193353e-07,0.0,-3.87215061601966e-15
1.2,0.0014495364077123786,-0.001551638855191827,-0.0016401458963592735,-0.007149287766802243,-0.006784319524055917,-6.3330241192562e-05,-3.490097597135515e-05,-2.947089923752349e-07,-2.9462927145164436e-07,-2.945610407583425e-07,-2.935907348193353e-07,0.0,-3.87215061601966e-15
1.4,0.0014495364077123786,-0.001551638855191827,-0.0016401458963592735,-0.007149287766802243,-0.006784319524055917,-6.3330241192562e-05,-3.490097597135515e-05,-2.947089923752349e-07,-2.9462927145164436e-07,-2.945610407583425e-07,-2.935907348193353e-07,0.0,-3.87215061601966e-15
1.6,0.0014495364077123786,-0.001551638855191827,-0.0016401458963592735,-0.007149287766802243,-0.006784319524055917,-6.3330241192562e-05,-3.490097597135515e-05,-2.947089923752349e-07,-2.9462927145164436e-07,-2.945610407583425e-07,-2.935907348193353e-07,0.0,-3.87215061601966e-15
1.8,0.0014495364077123786,-0.001551638855191827,-0.0016401458963592735,-0.007149287766802243,-0.006784319524055917,-6.3330241192562e-05,-3.490097597135515e-05,-2.947089923752349e-07,-2.9462927145164436e-07,-2.945610407583425e-07,-2.935907348193353e-07,0.0,-3.87215061601966e-15
2.0,0.0014495364077123786,-0.001551638855191827,-0.0016401458963592735,-0.007149287766802243,-0.006784319524055917,-6.3330241192562e-05,-3.490097597135515e-05,-2.947089923752349e-07,-2.9462927145164436e-07,-2.945610407583425e-07,-2.935907348193353e-07,0.0,-3.87215061601966e-15
2.2,0.0014495364077123786,-0.001551638855191827,-0.0016401458963592735,-0.007149287766802243,-0.006784319524055917,-6.3330241192562e-05,-3.490097597135515e-05,-2.947089923752349e-07,-2.9462927145164436e-07,-2.945610407583425e-07,-2.935907348193353e-07,0.0,-3.87215061601966e-15
2.4,0.0014495364077123786,-0.001551638855191827,-0.0016401458963592735,-0.007149287766802243,-0.006784319524055917,-6.3330241192562e-05,-3.490097597135515e-05,-2.947089923752349e-07,-2.9462927145164436e-07,-2.945610407583425e-07,-2.935907348193353e-07,0.0,-3.87215061601966e-15
2.6,0.0014495364077123786,-0.001551638855191827,-0.0016401458963592735,-0.007149287766802243,-0.006784319524055917,-6.3330241192562e-05,-3.490097597135515e-05,-2.947089923752349e-07,-2.9462927145164436e-07,-2.945610407583425e-07,-2.935907348193353e-07,0.0,-3.87215061601966e-15
2.8,0.0014495364077123786,-0.001551638855191827,-0.0016401458963592735,-0.007149287766802243,-0.006784319524055917,-6.3330241192562e-05,-3.490097597135515e-05,-2.947089923752349e-07,-2.9462927145164436e-07,-2.945610407583425e-07,-2.935907348193353e-07,0.0,-3.87215061601966e-15
3.0,0.0014495364077123786,-0.001551638855191827,-0.0016401458963592735,-0.007149287766802243,-0.006784319524055917,-6.3330241192562e-05,-3.490097597135515e-05,-2.947089923752349e-07,-2.9462927145164436e-07,-2.945610407583425e-07,-2.935907348193353e-07,0.0,-3.87215061601966e-15
3.2,0.0014495364077123786,-0.001551638855191827,-0.0016401458963592735,-0.007149287766802243,-0.006784319524055917,-6.3330241192562e-05,-3.490097597135515e-05,-2.947089923752349e-07,-2.9462927145164436e-07,-2.945610407583425e-07,-2.935907348193353e-07,0.0,-3.87215061601966e-15
3.4,0.0014495364077123786,-0.001551638855191827,-0.0016401458963592735,-0.007149287766802243,-0.006784319524055917,-6.3330241192562e-05,-3.490097597135515e-05,-2.947089923752349e-07,-2.9462927145164436e-07,-2.945610407583425e-07,-2.935907348193353e-07,0.0,-3.87215061601966e-15
3.6,0.0014495364077123786,-0.001551638855191827,-0.0016401458963592735,-0.007149287766802243,-0.006784319524055917,-6.3330241192562e-05,-3.490097597135515e-05,-2.947089923752349e-07,-2.9462927145164436e-07,-2.945610407583425e-07,-2.935907348193353e-07,0.0,-3.87215061601966e-15
3.8,0.0014495364077123786,-0.001551638855191827,-0.0016401458963592735,-0.007149287766802243,-0.006784319524055917,-6.3330241192562e-05,-3.490097597135515e-05,-2.947089923752349e-07,-2.9462927145164436e-07,-2.945610407583425e-07,-2.935907348193353e-07,0.0,-3.87215061601966e-15
4.0,0.0014495364077123786,-0.001551638855191827,-0.0016401458963592735,-0.007149287766802243,-0.006784319524055917,-6.3330241192562e-05,-3.490097597135515e-05,-2.947089923752349e-07,-2.9462927145164436e-07,-2.945610407583425e-07,-2.935907348193353e-07,0.0,-3.87215061601966e-15
4.2,0.0014495364077123786,-0.001551638855191827,-0.0016401458963592735,-0.007149287766802243,-0.006784319524055917,-6.3330241192562e-05,-3.490097597135515e-05,-2.947089923752349e-07,-2.9462927145164436e-07,-2.945610407583425e-07,-2.935907348193353e-07,0.0,-3.87215061601966e-15
4.4,0.0014495364077123786,-0.001551638855191827,-0.0016401458963592735,-0.007149287766802243,-0.006784319524055917,-6.3330241192562e-05,-3.490097597135515e-05,-2.947089923752349e-07,-2.9462927145164436e-07,-2.945610407583425e-07,-2.935907348193353e-07,0.0,-3.87215061601966e-15
4.6,0.0014495364077123786,-0.001551638855191827,-0.0016401458963592735,-0.007149287766802243,-0.006784319524055917,-6.3330241192562e-05,-3.490097597135515e-05,-2.947089923752349e-07,-2.9462927145164436e-07,-2.945610407583425e-07,-2.935907348193353e-07,0.0,-3.87215061601966e-15
4.8,0.0014495364077123786,-0.001551638855191827,-0.0016401458963592735,-0.007149287766802243,-0.006784319524055917,-6.3330241192562e-05,-3.490097597135515e-05,-2.947089923752349e-07,-2.9462927145164436e-07,-2.945610407583425e-07,-2.935907348193353e-07,0.0,-3.87215061601966e-15
5.0,0.0014495364077123786,-0.001551638855191827,-0.0016401458963592735,-0.007149287766802243,-0.006784319524055917,-6.3330241192562e-05,-3.490097597135515e-05,-2.947089923752349e-07,-2.9462927145164436e-07,-2.945610407583425e-07,-2.935907348193353e-07,0.0,-3.87215061601966e-15
5.2,6.994672652398852,-0.2202080288353122,-0.22234531111689268,0.07349294079047175,7.722616338702128,0.004924093025750137,-0.39771890997886356,-0.5030026821606486,-0.49793571612948534,-0.4978576694125953,-0.4964776919231331,2.2355816355421944e-15,-3.87215061601966e-15
5.4,19.702199795934103,-3.2276132670129605,-3.215744916962392,-0.8243226160446732,15.76366749340804,0.009911997389494845,-4.814629181586674,-6.027051897455988,-6.002364519223725,-6.001384408451222,-5.987765260949947,-4.471163271084389e-15,-3.87215061601966e-15
5.6,32.55453292210893,-7.566396851840677,-7.518791520903151,-1.4142445166469544,20.70910189392241,0.012948271214061809,-8.425970948622751,-10.54224080500127,-10.491235564077499,-10.49003044183419,-10.475060599421216,8.942326542168778e-15,-3.87215061601966e-15
5.8,12.150778741468297,-16.0168223102334,-15.860632193005008,-2.813248224037261,7.189451788176679,46.508253973107614,7.298062479059952,-20.513066813291584,-20.506575364213088,-20.504935468801953,-20.48476423093368,-8.942326542168778e-15,-3.87215061601966e-15
6.0,1.5650870659561409,-19.91127771381907,-19.703136384556753,-3.3915196983327776,0.8909939161915739,70.57546110089788,16.18743550116272,-24.736753213431996,-24.75610072872692,-24.754413695279613,-24.733997969591666,1.7884653084337555e-14,-3.87215061601966e-15
6.2,0.3420796233303405,-20.419090436919323,-20.204392514608514,-3.458124965709187,0.19179418488810793,73.77845310190234,17.419490478461906,-25.236741160554043,-25.259148393177266,-25.257557811709614,-25.237554100702365,1.7884653084337555e-14,-3.87215061601966e-15
6.4,0.34204991344469426,-20.435899845923363,-20.220933513031362,-3.4593706087734324,0.19166037187974025,73.81927243014974,17.43142899568382,-25.247287406802084,-25.269851534974087,-25.26825847485663,-25.248272576833507,0.0,-3.87215061601966e-15
6.6,0.34200534861622495,-20.433275860601068,-20.21827753970737,-3.459004243166301,0.19172727838392406,73.81230590931989,17.429638218100518,-25.24568949070389,-25.26820080166214,-25.266554886693914,-25.246521538653667,1.7884653084337555e-14,-3.87215061601966e-15
6.8,0.3419607837877557,-20.433053219422202,-20.218176679960887,-3.459004243166301,0.19172727838389575,73.8119073479375,17.42963821810054,-25.24547643522413,-25.267934554353754,-25.266395175303675,-25.246468476890637,-1.7884653084337555e-14,-3.87215061601966e-15
7.0,0.3419607837877557,-20.43411871649247,-20.219235707298935,-3.4593706087734324,0.19172727838392406,73.81436514312894,17.429894043469574,-25.24616886553336,-25.268626797355566,-25.26708725799477,-25.24710521804694,1.7884653084337555e-14,-3.87215061601966e-15
7.2,0.34199049367340184,-20.434468581202108,-20.219571906453872,-3.4595904281377106,0.19178080358726549,73.81565216425963,17.43036305664614,-25.2463819210131,-25.268893044663937,-25.267300206515113,-25.247370526862056,0.0,-3.87215061601966e-15
7.4,0.3419607837877557,-20.431653760583647,-20.216697403679166,-3.459077516287727,0.1917540409855806,73.80872716024042,17.42818854100933,-25.244570949435158,-25.26708256296695,-25.265490144092222,-25.24546030339316,0.0,-3.87215061601966e-15
7.6,0.34200534861622495,-20.434230037081903,-20.219185277425694,-3.4597369743805633,0.19178080358726549,73.81458103054442,17.430107231277105,-25.246115601663416,-25.268626797355566,-25.267087257994763,-25.247105218046933,1.7884653084337555e-14,-3.87215061601966e-15
7.8,0.34203505850187116,-20.43440496943672,-20.219521476580628,-3.4598102475019896,0.19170051578225336,73.8152951196879,17.430405694207664,-25.246381921013096,-25.268893044663933,-25.26719373225494,-25.247211341572978,-1.7884653084337555e-14,-3.87215061601966e-15
8.0,0.3419310739021095,-20.433593919428013,-20.218748218524276,-3.4598102475019896,0.1917406596847382,73.81353480691563,17.429766130785065,-25.245796018443766,-25.268360550047177,-25.266714598084167,-25.246733785705754,1.7884653084337555e-14,-3.87215061601966e-15
8.2,0.34204991344469426,-20.430906322340327,-20.215873715749574,-3.4595904281377106,0.19171389708308165,73.80651016255084,17.42797535320176,-25.244091574605704,-25.266656567273543,-25.26495777279139,-25.2449296857629,1.7884653084337555e-14,-3.87215061601966e-15
8.4,0.3419310739021095,-20.434420872378066,-20.21937018696091,-3.4595904281377106,0.1917272783839099,73.81507923227241,17.430320419084637,-25.246275393273216,-25.268893044663937,-25.267087257994763,-25.247158279809963,-1.7884653084337555e-14,-3.87215061601966e-15
8.6,0.3419607837877557,-20.433880172372263,-20.219017177848226,-3.4596637012591374,0.1917005157822392,73.81398318847083,17.429936681031094,-25.24590254618364,-25.268360550047177,-25.266874309474424,-25.246892970994832,1.7884653084337555e-14,-3.87215061601966e-15
8.8,0.3419459288449326,-20.436202001808958,-20.221219282313058,-3.4603231593519723,0.1917272783839099,73.8195132276516,17.43151427080683,-25.247500462281845,-25.2700645328208,-25.26831171198671,-25.24832563859653,-1.7884653084337555e-14,-3.87215061601966e-15
9.0,0.34191621895928637,-20.43445267826076,-20.219386996918658,-3.4599567937448414,0.19179418488812208,73.81537815330923,17.430363056646158,-25.246168865533352,-25.268733296278906,-25.267140495124853,-25.247158279809955,0.0,-3.87215061601966e-15
9.2,0.34191621895928637,-20.434723028263665,-20.21984086577782,-3.4602498862305464,0.19167375318055432,73.81585974831299,17.430618882015196,-25.24648844875298,-25.269052793048953,-25.267353443645202,-25.247423588625082,0.0,-3.87215061601966e-15
9.4,0.34206476838751737,-20.433737045900134,-20.218865888228503,-3.460103339987694,0.1917272783839099,73.81361784053698,17.42963821810054,-25.24590254618364,-25.268467048970532,-25.266714598084167,-25.24673378570576,0.0,-3.87215061601966e-15
9.6,0.34191621895928637,-20.433880172372263,-20.21883226831301,-3.4603231593519723,0.19172727838389575,73.81407452545427,17.429936681031073,-25.245955810053577,-25.26846704897053,-25.26671459808417,-25.246786847468787,1.7884653084337555e-14,-3.87215061601966e-15
9.8,0.3420202035590481,-20.433705240017442,-20.21883226831301,-3.460396432473399,0.1917540409855806,73.81346838001855,17.429936681031094,-25.245742754573826,-25.26830730058549,-25.266714598084167,-25.24668072394273,0.0,-3.87215061601966e-15
10.0,0.34191621895928637,-20.43545456356564,-20.220546884003184,-3.460103339987694,0.19179418488810793,73.81728792659989,17.43095998250727,-25.246808031972623,-25.26937228981901,-25.267832577815952,-25.247795020966272,-1.7884653084337555e-14,-3.87215061601966e-15
10.2,0.3420202035590481,-20.43389607531361,-20.218849078270758,-3.4598102475019896,0.1917674222864089,73.81366766070977,17.42985140590809,-25.24590254618364,-25.26846704897053,-25.266714598084167,-25.24673378570576,0.0,-3.87215061601966e-15
10.4,0.34206476838751737,-20.43424594002325,-20.21937018696091,-3.460103339987694,0.19176742228642304,73.81497959192683,17.4300219561541,-25.246115601663416,-25.268626797355566,-25.26703402086469,-25.24705215628391,-1.7884653084337555e-14,-3.87215061601966e-15
10.6,0.3420202035590481,-20.434214134140554,-20.219185277425694,-3.4603231593519723,0.1917674222864089,73.81380881786602,17.430064593715603,-25.246009073923524,-25.268573547893876,-25.266874309474417,-25.24689297099483,0.0,-3.87215061601966e-15
10.8,0.34200534861622495,-20.43470712532232,-20.21984086577782,-3.460469705594825,0.1917272783839099,73.81549440037907,17.430704157138184,-25.246328657143163,-25.268839795202265,-25.26724696938502,-25.24726440333601,-1.7884653084337555e-14,-3.87215061601966e-15
11.0,0.34206476838751737,-20.43545456356564,-20.220546884003184,-3.46076279808053,0.19170051578225336,73.81782764513852,17.43095998250727,-25.246808031972623,-25.269372289819003,-25.267832577815952,-25.247795020966272,0.0,-3.87215061601966e-15
11.2,0.34206476838751737,-20.43376885178283,-20.218798648397517,-3.460469705594825,0.19176742228643723,73.81305321191192,17.4296382181005,-25.24568949070388,-25.26825405112382,-25.266714598084167,-25.246574600416682,-1.7884653084337555e-14,-3.87215061601966e-15
11.4,0.34200534861622495,-20.43486615473579,-20.21984086577782,-3.460836071201956,0.19166037187972607,73.81563555753539,17.43040569420768,-25.246275393273223,-25.26894629412561,-25.267353443645202,-25.24726440333602,1.7884653084337555e-14,-3.87215061601966e-15
11.6,0.34191621895928637,-20.435740816509888,-20.220765413453893,-3.460469705594825,0.19179418488810793,73.81796049893268,17.431087895191762,-25.24702108745239,-25.269478788742365,-25.267992289206198,-25.247954206255365,0.0,-3.87215061601966e-15
11.8,0.34203505850187116,-20.433387181190497,-20.2183615894961,-3.460836071201956,0.19168713448139676,73.812123235353,17.429211842485472,-25.245423171354187,-25.267934554353754,-25.266341938173586,-25.24636235336459,-1.7884653084337555e-14,-3.87215061601966e-15
12.0,0.3419459288449326,-20.43174917823173,-20.216831883341143,-3.4605429787162514,0.19172727838392406,73.80851127282496,17.42848700393989,-25.244304630085463,-25.26692281458194,-25.265383669832058,-25.245248056341058,1.7884653084337555e-14,-3.87215061601966e-15
12.2,0.35177990099382456,-25.398015119797723,-25.130466582518835,-3.468822841437411,0.19734742473519645,75.88869446455078,17.413435944727993,-26.588365124138768,-26.586018479212402,-26.585930681581726,-26.588665772617258,-1.7884653084337555e-14,7.74430123203932e-15
12.4,0.350650925339269,-28.52992448578296,-28.23800580146509,-3.316854387599486,0.1966783596933581,75.59346012053844,17.403586668019937,-26.412913936558063,-26.385907002235115,-26.387302949235895,-26.412394595846994,0.0,7.74430123203932e-15
12.6,0.3424955617293873,-30.058499305138874,-29.766501639465908,-3.077617646142966,0.19223576781569574,73.81478031123562,17.402094353367172,-25.28201545000264,-25.23465364080645,-25.23764712505795,-25.2809055610941,1.7884653084337555e-14,0.0
12.8,0.3305521876996151,-30.35758592305653,-30.083873641725447,-2.8008650665162342,0.18545144829162744,71.20233500003972,17.404055681196485,-23.615548751205544,-23.55292914216445,-23.55652503124497,-23.613917213889234,1.7884653084337555e-14,7.74430123203932e-15
13.0,0.3166033963887244,-29.799042817058563,-29.556108208306988,-2.5262374074108624,0.1778374881157107,68.1988561345545,17.40678448513291,-21.699381030132077,-21.626257119814245,-21.630405664782444,-21.697432456939083,0.0,-7.74430123203932e-15
13.2,0.3023723611641949,-28.704204820007423,-28.500476481723584,-2.367527826401728,0.16978194501222033,65.08590657303984,17.412924293989903,-19.70811125244392,-19.628869812358673,-19.633321203917042,-19.706130614123165,1.7884653084337555e-14,-7.74430123203932e-15
13.4,0.28818589076813467,-27.291323898952726,-27.132045061387778,-2.3207063018103904,0.1617799271120288,62.024823963090924,17.419319928215916,-17.750823823777182,-17.668118134536005,-17.672917125680005,-17.748629114354436,0.0,1.548860246407864e-14
13.6,0.31580122947627703,-25.679528987526666,-25.566987565287675,-2.3526533827522105,0.17734237998478147,58.99735593709997,17.38397338972678,-15.865921994358176,-15.782767694446125,-15.787311215211869,-15.863609982878312,-1.7884653084337555e-14,1.548860246407864e-14
13.8,0.3664120196745778,-23.99685466651594,-23.931681255763703,-2.480295160276639,0.20599174507551313,56.10434338228083,17.328459284645024,-14.093247138901747,-14.010306113108733,-14.01494068043381,-14.089914430229431,-1.7884653084337555e-14,0.0
14.0,0.34155970033153193,-22.40081956996501,-22.379954056156812,-2.6145315187294247,0.1919681417989604,53.66247180578533,17.347987287815105,-12.512482006837297,-12.432045318502606,-12.43603387638336,-12.508939200888697,0.0,0.0
14.2,0.5642947130210892,-20.62190064792075,-20.64481340757461,-2.6426683973570833,0.3180467582795389,50.75152303387158,17.124651740642726,-10.937788955945974,-10.860014710912559,-10.86367523933328,-10.932686468457185,-1.7884653084337555e-14,0.0
14.4,0.4864251027424005,-19.217082518129097,-19.27727291499938,-2.737337270239725,0.2739821346252505,48.919012943026544,17.197391420573258,-9.679643084105082,-9.605191146524662,-9.6087163718479,-9.67501656122999,0.0,-1.548860246407864e-14
14.6,0.737948994623125,-17.582721332931303,-17.680814417828262,-2.729130680639991,0.4170014779646582,46.35022041597917,16.94698102184405,-8.35592938836867,-8.285083742122357,-8.288595257138889,-8.350329647301729,-1.7884653084337555e-14,1.548860246407864e-14
14.8,0.48627655331416947,-16.54802826005545,-16.67574704414723,-2.860875752964286,0.27399551592609295,45.40668816998308,17.19082523610122,-7.450230543917417,-7.382878112950952,-7.386012953683814,-7.445202093615054,0.0,3.097720492815728e-14
15.0,0.7822315791787854,-15.064204317650685,-15.224274432542236,-2.811416396001606,0.4422921365454689,43.0652737574272,16.89777727586528,-6.324924763705647,-6.261284701675657,-6.263667777239271,-6.318647802823523,1.7884653084337555e-14,0.0
15.2,0.7973984758011702,-15.048842076309244,-15.209010990908144,-2.8068001893517556,0.45098998208914115,43.021669979722006,16.88264094153038,-6.3156568503361665,-6.252019295344089,-6.2545109908647065,-6.309361994294092,1.7884653084337555e-14,0.0
15.4,0.578555458131265,-15.269527193384974,-15.42750682170102,-2.8753838310066726,0.3263833087005929,43.64890191153566,17.09774743933198,-6.447165345216786,-6.383545465683076,-6.386059939303845,-6.441326598938166,-1.7884653084337555e-14,0.0
15.6,0.6824954930644938,-15.164695004023928,-15.323823002318774,-2.842923838214869,0.38542160799077935,43.35138825310092,16.99571575464628,-6.384740089647704,-6.321243595522506,-6.323559548584479,-6.378925965620332,0.0,0.0
15.8,0.7044956633855045,-15.142589915551257,-15.301902817416948,-2.836036164800807,0.39798664947615836,43.28822421200481,16.97384268559331,-6.371743705382447,-6.308197477411967,-6.310622925973908,-6.365289092522823,-1.7884653084337555e-14,0.0
16.0,0.6224072493450553,-15.2252056958502,-15.383632831981881,-2.861461937935696,0.3512056217521309,43.52322138364615,17.054342401718074,-6.420746465726795,-6.357240231615282,-6.359654322781861,-6.414742655662447,-1.7884653084337555e-14,0.0
16.2,0.6779795904462714,-15.169227342307895,-15.328126351501952,-2.8442427544005406,0.38290592343352087,43.363957965731956,16.99997951079695,-6.3874565470146205,-6.32395931806798,-6.326327879348878,-6.381154559667397,1.7884653084337555e-14,0.0
16.4,0.6173120039567321,-15.230533181201528,-15.388759869094654,-2.8629274003642196,0.34834202337311077,43.538082525304944,17.059458909098893,-6.424048825663049,-6.359849455237403,-6.362955024847114,-6.417979423207005,1.7884653084337555e-14,0.0
16.6,0.6672691766708165,-15.179993633599981,-15.338867914502158,-2.8472469523790145,0.3768040502521333,43.394635036054545,17.010340438243134,-6.3936884197975425,-6.330136255622344,-6.3325566235687925,-6.3879464653346485,1.7884653084337555e-14,0.0
16.8,0.7395087636195505,-15.107189968112289,-15.266820435599382,-2.8252650159511563,0.41792478772237535,43.187741241215676,16.939775273949426,-6.350278365796844,-6.286737944356628,-6.289700733850663,-6.344170510838717,0.0,0.0
17.0,0.8123722581668547,-15.033718379088015,-15.194066938471243,-2.802403802066184,0.4595004894210901,42.9788632168379,16.868229445741083,-6.306974839536025,-6.243392882552605,-6.2457268644007335,-6.3000761857646514,1.7884653084337555e-14,0.0
17.2,0.7129926906803175,-16.145445299849925,-16.27983891929465,-2.797274683566351,0.4028172990781096,44.53502482798903,16.967830789420894,-7.173524739581725,-7.106779654162441,-7.10923311437371,-7.1671053935991145,-1.7884653084337555e-14,1.548860246407864e-14
17.4,0.5921031659859319,-17.349965883373013,-17.45619976241555,-2.7906801026379933,0.33397050627481056,46.27379443586106,17.089219927030584,-8.129557941125771,-8.059838519234138,-8.063029536970237,-8.12386204270946,1.7884653084337555e-14,3.097720492815728e-14
17.6,0.6585196153480107,-18.441432456858532,-18.519059770830072,-2.715501880054719,0.371665630730962,47.61103074686902,17.026883812107734,-9.059118999309915,-8.98643240185304,-8.989621786093513,-9.053981686781103,0.0,-1.548860246407864e-14
17.8,0.6021153974487011,-19.726994429487185,-19.77239341047356,-2.673369835234658,0.3395505087236123,49.443916805648094,17.085467821618007,-10.153691526566623,-10.07772686943485,-10.081408849869462,-10.148433610942273,1.7884653084337555e-14,-1.548860246407864e-14
18.0,0.5486821681140114,-21.07615226456348,-21.08743640500554,-2.622884654572011,0.3091749558249717,51.4228930896538,17.141195114507312,-11.344298811324242,-11.266254854036498,-11.270353676049902,-11.339935499676884,-1.7884653084337555e-14,0.0
18.2,0.31608347338991594,-22.654026202095853,-22.626707425922056,-2.6064714753725435,0.17767691250570064,54.07898044044759,17.37403883789572,-12.745511437822604,-12.664638967102071,-12.669052794763855,-12.742357896437268,1.7884653084337555e-14,0.0
18.4,0.5302323291277217,-23.84189640602838,-23.77847530085939,-2.433766728171006,0.2986438720667501,55.64059735221692,17.167033476780432,-13.998916825238892,-13.916374062712785,-13.920498011663648,-13.994827750887975,0.0,0.0
18.6,0.2738063061153741,-25.48661040604323,-25.380380224340477,-2.381010080744147,0.1536976214068677,58.71084543747938,17.425289186826863,-15.63257298015326,-15.54894930822814,-15.553866399790703,-15.629819854988567,-1.7884653084337555e-14,1.548860246407864e-14
18.8,0.28465041437623695,-26.849603800091625,-26.70345837867543,-2.3208528480532427,0.15975935068575625,61.17097005415507,17.419618391146436,-17.20694644782495,-17.123908636210334,-17.128141573523816,-17.204586858055354,0.0,1.548860246407864e-14
19.0,0.2962224148354316,-28.124844763785916,-27.93981396099465,-2.3292792570172547,0.1662492815914185,63.75930414542186,17.414970896942204,-18.860576553966606,-18.77970064701625,-18.78424221619702,-18.8589995674232,-1.7884653084337555e-14,-1.548860246407864e-14
19.2,0.3085074525501351,-29.22257709616225,-29.001379602662663,-2.4240214030213227,0.17314065152215546,66.41918075213192,17.409555926630848,-20.561877823704126,-20.48432241417879,-20.489161307157858,-20.56005356649038,0.0,0.0
19.4,0.3206885056650769,-30.02763169598387,-29.774755328719582,-2.5973856083156956,0.18007216535541973,69.08105016575398,17.406741847571404,-22.26099527477413,-22.19022216842157,-22.19445305802928,-22.259303465614682,1.7884653084337555e-14,-1.548860246407864e-14
19.6,0.33237934566685634,-30.37501554677311,-30.097775476782047,-2.842191107000607,0.1865353336593971,71.60748094861083,17.40371458070443,-23.873665464932355,-23.81299951298857,-23.816428700318212,-23.8724341233488,1.7884653084337555e-14,-7.74430123203932e-15
19.8,0.34248070678656417,-30.05730658453783,-29.765425802170114,-3.0790098354500635,0.19215548001066945,73.81326079596523,17.4014974275061,-25.28132301969342,-25.233801649419625,-25.2367953309766,-25.280640252278975,-1.7884653084337555e-14,0.0
20.0,0.3497299188842368,-28.84182887442649,-28.548637010668166,-3.2880580508789925,0.1962501580666127,75.41818444926618,17.40482315730361,-26.29999453228633,-26.26987642524376,-26.27135247991155,-26.299373040602962,1.7884653084337555e-14,0.0
20.2,0.3498784683124678,-28.837869042031027,-28.544585810851185,-3.2875451390290094,0.1963170645707965,75.41129265869553,17.402861829474297,-26.298183560708395,-26.26790619516175,-26.26954241748869,-26.297462817134043,0.0,0.0
20.4,0.3498041935983523,-28.84305340091023,-28.549830517668184,-3.2879847777575666,0.19625015806662682,75.42028519988592,17.405505358287694,-26.300527170985728,-26.270462169322183,-26.27188485121239,-26.299850596470193,0.0,0.0
20.6,0.3498190485411754,-28.83514963906065,-28.541896217611693,-3.2873985927861566,0.19627692066828337,75.40713267426673,17.401454789944594,-26.296851963959895,-26.26662820808154,-26.268211489236553,-26.29618933482144,1.7884653084337555e-14,0.0
20.8,0.3498636133696447,-28.84268763325924,-28.549292599020287,-3.2880580508789925,0.19625015806662682,75.41947977375898,17.405036345111128,-26.300367379375906,-26.270142672552137,-26.271778376952227,-26.299638349418085,0.0,0.0
21.0,0.34977448371270614,-28.839618365579224,-28.546418096245585,-3.2877649583932875,0.1963170645707965,75.41467212708379,17.4035440304584,-26.2988759910176,-26.268758186548556,-26.270287737309854,-26.298205681816412,-1.7884653084337555e-14,0.0
21.2,0.3498041935983523,-28.837407856731957,-28.54418237186526,-3.288277870243271,0.19626353936744093,75.41034607541232,17.402435453859233,-26.29786397748875,-26.26774644677673,-26.269169757578098,-26.297250570081943,0.0,0.0
21.4,0.3498041935983523,-28.840095453819643,-28.546703865527277,-3.288204597121845,0.1962501580666127,75.41561871036699,17.40405568119647,-26.298982518757473,-26.268971184395262,-26.270447448700107,-26.2984179288685,1.7884653084337555e-14,0.0
21.6,0.34974477382705993,-28.836644515547288,-28.543274634146936,-3.2877649583932875,0.1963170645708107,75.40913378454086,17.402179628490195,-26.29733133878935,-26.267320451083332,-26.268743860537413,-26.29671995245168,0.0,0.0
21.8,0.34977448371270614,-28.839888715582124,-28.54648533607657,-3.2884976896075493,0.19625015806662682,75.41430677914991,17.403586668019923,-26.298929254887526,-26.268758186548556,-26.27028773730986,-26.298311805342458,-1.7884653084337555e-14,0.0
22.0,0.3498784683124678,-28.837821333206985,-28.544585810851185,-3.288277870243271,0.1962903019691258,75.411633096543,17.402606004105245,-26.29802376909857,-26.267906195161757,-26.269382706098426,-26.297409755371014,1.7884653084337555e-14,0.0
22.2,0.34978933865552925,-28.83748737143869,-28.544283231611743,-3.2884244164861234,0.1962501580666127,75.41084427714033,17.402648641666765,-26.297757449748875,-26.267693197315054,-26.269222994708173,-26.297250570081943,1.7884653084337555e-14,0.0
22.4,0.34974477382705993,-28.83710570084636,-28.54389660258357,-3.2884976896075493,0.19627692066825506,75.40972332325231,17.40252072898224,-26.297704185878924,-26.267533448930013,-26.269010046187844,-26.29703832302983,0.0,0.0
22.6,0.3498784683124678,-28.83465664787888,-28.54140872883704,-3.288277870243271,0.19623677676575607,75.40576261951472,17.401241602137027,-26.296585644610204,-26.26646845969651,-26.26794530358614,-26.295764840717244,1.7884653084337555e-14,0.0
22.8,0.34975962876988304,-28.839141277338804,-28.545796127808952,-3.2884244164861234,0.1962501580666127,75.41365911690352,17.403373480212387,-26.298716199407778,-26.268438689778513,-26.269968314529358,-26.297887311238245,0.0,0.0
23.0,0.3498784683124678,-28.837821333206985,-28.544585810851185,-3.2884244164861234,0.1962367767657844,75.41160818645659,17.40286182947432,-26.297917241358686,-26.267906195161757,-26.269382706098426,-26.297409755371014,-1.7884653084337555e-14,0.0
23.2,0.34978933865552925,-28.836755836136717,-28.543594023344127,-3.2884244164861234,0.19626353936744093,75.40954064928539,17.40222226605168,-26.29749113039918,-26.267320451083314,-26.268797097667484,-26.29682607597773,1.7884653084337555e-14,0.0
23.4,0.3498784683124678,-28.84219464207748,-28.548805110245628,-3.288717508971829,0.1962501580665985,75.41874077452914,17.404865794865135,-26.299941268416386,-26.269823175782086,-26.271299242781467,-26.299479164129004,1.7884653084337555e-14,0.0
23.6,0.34974477382705993,-28.836930768491538,-28.543745312963846,-3.288717508971829,0.19625015806662682,75.40951573919898,17.402350178736228,-26.297544394269107,-26.267320451083332,-26.269010046187823,-26.296932199503782,0.0,0.0
23.8,0.3498784683124678,-28.83976149205135,-28.546367666372348,-3.288644235850402,0.1962501580666127,75.41419053208004,17.403586668019923,-26.29882272714766,-26.268651687625216,-26.27023450017978,-26.29815262005338,1.7884653084337555e-14,0.0
24.0,0.3498784683124678,-28.839777394992694,-28.54655257590756,-3.2887907820932547,0.19622339546494197,75.41466382372164,17.404013043634965,-26.298769463277715,-26.268758186548563,-26.270181263049686,-26.298205681816405,1.7884653084337555e-14,0.0
24.2,0.3498784683124678,-28.836517292016513,-28.543190584358204,-3.2884244164861234,0.19622339546492779,75.40876013324485,17.40188116555964,-26.297331338789355,-26.267107453236623,-26.268637386277234,-26.296666890688662,-1.7884653084337555e-14,0.0
24.4,0.3498041935983523,-28.838521062626267,-28.545375878865286,-3.288937328336107,0.1963170645708107,75.41245512939419,17.403202929966337,-26.298236824578318,-26.268172442470128,-26.269702128878937,-26.29762200242312,-1.7884653084337555e-14,0.0
24.6,0.3498784683124678,-28.840842892062962,-28.54762841320336,-3.288717508971829,0.19622339546492779,75.41674796761713,17.40409831875801,-26.299408629716986,-26.26907768331864,-26.270766871480628,-26.29873629944664,0.0,0.0
24.8,0.34978933865552925,-28.83565853318376,-28.542400516344102,-3.288717508971829,0.19627692066829755,75.40732365159579,17.40166797775209,-26.296905227829843,-26.2667347070049,-26.268211489236563,-26.296295458347487,0.0,0.0
25.0,0.34977448371270614,-28.837932653796415,-28.54482115025964,-3.2893769670646638,0.19626353936746926,75.41139229904113,17.402947104597306,-26.298023769098567,-26.26790619516175,-26.269329468968344,-26.29735669360799,-1.7884653084337555e-14,0.0
25.2,0.34977448371270614,-28.840890600887004,-28.54762841320336,-3.2891571477003856,0.19622339546494197,75.41690573149765,17.404354144127062,-26.299355365847042,-26.26923743170365,-26.27071363435054,-26.298683237683623,-1.7884653084337555e-14,0.0
25.4,0.3498636133696447,-28.840477124411972,-28.54712411447095,-3.2893769670646638,0.1962501580665985,75.41539451958937,17.404311506565502,-26.299248838107168,-26.268917934933594,-26.27055392296028,-26.29847099063152,-1.7884653084337555e-14,0.0
25.6,0.3498784683124678,-28.838028071444498,-28.544787530344145,-3.2891571477003856,0.1962367767657844,75.41157497300807,17.40307501728185,-26.29797050522863,-26.267852945700078,-26.269329468968344,-26.29735669360799,1.7884653084337555e-14,0.0
25.8,0.3498784683124678,-28.837837236148335,-28.544619430766677,-3.2891571477003856,0.1962501580666127,75.41129265869553,17.402861829474283,-26.297810713618798,-26.26774644677672,-26.269276231838262,-26.29719750831893,-1.7884653084337555e-14,0.0
26.0,0.34977448371270614,-28.83855286850896,-28.545308639034296,-3.2894502401860906,0.1962501580666127,75.41233888232432,17.403202929966337,-26.29829008844827,-26.267959444623422,-26.26959565461876,-26.297515878897077,0.0,0.0
26.2,0.3498636133696447,-28.836946671432884,-28.543778932879338,-3.2894502401860906,0.19627692066826924,75.40948252575048,17.40252072898224,-26.297544394269103,-26.267213952159967,-26.268903571927655,-26.29682607597773,1.7884653084337555e-14,0.0
26.4,0.34977448371270614,-28.83581756259723,-28.54256861592157,-3.2893769670646638,0.19622339546492779,75.40783015668592,17.401795890436617,-26.29695849169977,-26.266628208081542,-26.268424437756906,-26.29629545834749,-1.7884653084337555e-14,0.0
26.6,0.3498784683124678,-28.839284403810932,-28.546098707048394,-3.2894502401860906,0.19622339546494197,75.41348474629872,17.403544030458438,-26.298609671667894,-26.268278941393486,-26.270074788789525,-26.29794037300127,0.0,0.0
26.8,0.3497299188842368,-28.841463106775507,-28.548166331851256,-3.2898898789146473,0.1962635393674551,75.4172710794315,17.404780519742072,-26.29946189358693,-26.269397180088678,-26.270873345740785,-26.298895484735734,0.0,0.0
27.0,0.34974477382705993,-28.838393839095485,-28.545157349414573,-3.289596786428943,0.19622339546494197,75.41204826464967,17.402989742158805,-26.297970505228623,-26.267959444623422,-26.269435943228515,-26.297356693608005,1.7884653084337555e-14,0.0
27.2,0.34977448371270614,-28.83840974203683,-28.545157349414573,-3.2898166057932214,0.1962100141641137,75.41195692766618,17.40303237972033,-26.297970505228623,-26.267959444623422,-26.26948918035859,-26.297462817134036,1.7884653084337555e-14,0.0
27.4,0.34977448371270614,-28.841685747954365,-28.548536150921684,-3.2898166057932214,0.19622339546492779,75.41825087616326,17.404823157303632,-26.299728212936646,-26.269343930627,-26.271139531391213,-26.29900160826178,1.7884653084337555e-14,0.0
27.6,0.3498784683124678,-28.83923669498689,-28.545913797513183,-3.2894502401860906,0.1962100141641137,75.41323564543472,17.403288205089382,-26.29834335231819,-26.26827894139348,-26.26975536600901,-26.29772812594917,-1.7884653084337555e-14,0.0
27.8,0.3498339034839985,-28.838505159684917,-28.545258209161055,-3.2894502401860906,0.1962635393674551,75.41200674783899,17.40311765484337,-26.297970505228623,-26.267959444623422,-26.26943594322851,-26.297462817134036,1.7884653084337555e-14,0.0
28.0,0.34974477382705993,-28.837455565556,-28.544266421653997,-3.2894502401860906,0.1962635393674551,75.41030455860167,17.402435453859233,-26.297650922008987,-26.267373700544994,-26.269010046187834,-26.296985261266816,1.7884653084337555e-14,0.0
28.2,0.3498041935983523,-28.83743966261465,-28.544249611696248,-3.2896700595503687,0.19627692066829755,75.41050383929286,17.402606004105245,-26.29765092200897,-26.26742695000668,-26.26911652044801,-26.29698526126682,1.7884653084337555e-14,0.0
28.4,0.3498784683124678,-28.840190871467726,-28.54697282485123,-3.2902562445217782,0.19622339546492779,75.41485480105071,17.403885130950478,-26.298982518757473,-26.268704937086884,-26.27018126304969,-26.298205681816405,-1.7884653084337555e-14,0.0
28.6,0.34977448371270614,-28.83872780086378,-28.545459928654015,-3.2901829714003523,0.1962367767657986,75.41289520758725,17.403117654843335,-26.298183560708377,-26.26795944462343,-26.269648891748847,-26.297568940660092,-1.7884653084337555e-14,0.0
28.8,0.34977448371270614,-28.8382984214474,-28.545207779287818,-3.290329517643205,0.19626353936744093,75.41164970326726,17.4029044670358,-26.298023769098567,-26.2677996962384,-26.269435943228515,-26.297356693608,-1.7884653084337555e-14,0.0
29.0,0.3498636133696447,-28.83701028319828,-28.543846172710325,-3.2902562445217782,0.1962501580665985,75.410013940927,17.40230754117469,-26.297384602659296,-26.267213952159967,-26.268690623407316,-26.296719952451674,-1.7884653084337555e-14,0.0
29.2,0.3498636133696447,-28.838187100857972,-28.544955629921613,-3.2898898789146473,0.19627692066829755,75.41141720912753,17.403032379720308,-26.297863977488745,-26.2677996962384,-26.269276231838262,-26.29730363184497,1.7884653084337555e-14,0.0
29.4,0.34977448371270614,-28.837757721441598,-28.54453538097794,-3.2898898789146473,0.1963170645707965,75.41069481662193,17.402606004105245,-26.29775744974887,-26.267586698391703,-26.269063283317923,-26.29709138479287,1.7884653084337555e-14,0.0
29.6,0.34978933865552925,-28.843784936212202,-28.55053653589355,-3.290476063886057,0.1962501580666127,75.4216054344651,17.4059743714643,-26.30052717098573,-26.270249171475484,-26.271938088342505,-26.29990365823322,-1.7884653084337555e-14,0.0
29.8,0.3498784683124678,-28.836040203776093,-28.54295524494975,-3.2898898789146473,0.19622339546494197,75.40801283065286,17.40213699092868,-26.2968519639599,-26.26678795646657,-26.268264726366645,-26.29624239658445,1.7884653084337555e-14,0.0
30.0,0.3498784683124678,-28.839936424406172,-28.54663662569629,-3.290695883250336,0.19626353936744093,75.41428186906354,17.404013043634986,-26.298769463277715,-26.268385440316834,-26.27018126304969,-26.29809955829035,0.0,0.0
