time_window,sensor,start_val,end_val,mean,std,min,max,slope,zero_crossings,monotonic
00-05s_idle,Flow_Bypass,-0.0,-0.0,-0.0,0.0,-0.0,-0.0,0.0,0.0,True
00-05s_idle,Flow_Engine1,-0.0,-0.0,-0.0,0.0,-0.0,-0.0,-0.0,0.0,True
00-05s_idle,Flow_Engine2,-0.0,-0.0,-0.0,0.0,-0.0,-0.0,0.0,0.0,True
00-05s_idle,Flow_Engine3,-0.0,-0.0,-0.0,0.0,-0.0,-0.0,0.0,0.0,True
00-05s_idle,Flow_Engine4,-0.0,-0.0,-0.0,0.0,-0.0,-0.0,0.0,0.0,True
00-05s_idle,Flow_PRV,-0.0,-0.0,-0.0,0.0,-0.0,-0.0,0.0,0.0,True
00-05s_idle,Flow_Pump,-0.0,-0.0,-0.0,0.0,-0.0,-0.0,0.0,0.0,True
00-05s_idle,RPM_Motor,0.0,0.0,0.0,0.0,0.0,0.0,0.0,0.0,True
00-05s_idle,Signal_Throttle,-0.0,-0.0,-0.0,0.0,-0.0,-0.0,0.0,0.0,True
00-05s_idle,p_Combustion,-0.0,-0.0,-0.0,0.0,-0.0,-0.0,-0.0,0.0,True
00-05s_idle,p_FMU,-0.0,-0.0,-0.0,0.0,-0.0,-0.0,0.0,0.0,True
00-05s_idle,p_Pump,0.0,0.0,0.0,0.0,0.0,0.0,-0.0,0.0,True
00-05s_idle,p_Shut,-0.0,-0.0,-0.0,0.0,-0.0,-0.0,-0.0,0.0,True
05-07s_rpm_ramp,Flow_Bypass,-0.0,45.27,25.06,23.95,-3.35,48.19,33.25,1.0,False
05-07s_rpm_ramp,Flow_Engine1,-0.0,-25.4,-17.27,9.8,-25.42,0.18,-15.51,0.6,False
05-07s_rpm_ramp,Flow_Engine2,-0.0,-25.43,-17.28,9.81,-25.45,0.18,-15.53,0.6,False
05-07s_rpm_ramp,Flow_Engine3,-0.0,-25.43,-17.28,9.81,-25.44,0.18,-15.53,0.6,False
05-07s_rpm_ramp,Flow_Engine4,-0.0,-25.4,-17.26,9.8,-25.42,0.18,-15.52,0.6,False
05-07s_rpm_ramp,Flow_PRV,-0.0,0.12,3.37,4.86,-0.6,12.79,-3.71,0.8,False
05-07s_rpm_ramp,Flow_Pump,-0.0,2.75,-1.05,8.27,-13.47,9.18,4.54,1.4,False
05-07s_rpm_ramp,RPM_Motor,0.0,-0.0,0.0,0.0,-0.0,0.0,0.0,5.0,False
05-07s_rpm_ramp,Signal_Throttle,-0.0,-0.0,-0.0,0.0,-0.0,-0.0,0.0,0.0,True
05-07s_rpm_ramp,p_Combustion,-0.0,-3.45,-2.35,2.08,-4.51,2.47,-2.1,0.9,False
05-07s_rpm_ramp,p_FMU,-0.0,-19.88,-12.79,8.17,-19.88,0.37,-13.07,1.1,False
05-07s_rpm_ramp,p_Pump,0.0,0.21,4.72,7.09,-1.0,19.92,-4.64,0.6,False
05-07s_rpm_ramp,p_Shut,-0.0,-19.62,-12.63,8.06,-19.63,0.4,-12.9,1.1,False
07-10s_rpm_stable,Flow_Bypass,45.27,45.27,45.27,0.0,45.26,45.27,0.0,0.0,False
07-10s_rpm_stable,Flow_Engine1,-25.4,-25.4,-25.4,0.0,-25.4,-25.4,-0.0,0.0,False
07-10s_rpm_stable,Flow_Engine2,-25.43,-25.43,-25.43,0.0,-25.43,-25.43,-0.0,0.0,False
07-10s_rpm_stable,Flow_Engine3,-25.43,-25.43,-25.43,0.0,-25.43,-25.42,-0.0,0.0,False
07-10s_rpm_stable,Flow_Engine4,-25.4,-25.4,-25.4,0.0,-25.41,-25.4,-0.0,0.0,False
07-10s_rpm_stable,Flow_PRV,0.12,0.12,0.12,0.0,0.12,0.12,-0.0,0.0,False
07-10s_rpm_stable,Flow_Pump,2.75,2.75,2.75,0.0,2.75,2.75,0.0,0.0,False
07-10s_rpm_stable,RPM_Motor,0.0,0.0,0.0,0.0,-0.0,0.0,-0.0,6.0,False
07-10s_rpm_stable,Signal_Throttle,-0.0,-0.0,-0.0,0.0,-0.0,-0.0,-0.0,0.0,True
07-10s_rpm_stable,p_Combustion,-3.45,-3.45,-3.45,0.0,-3.45,-3.45,-0.0,0.0,False
07-10s_rpm_stable,p_FMU,-19.88,-19.88,-19.88,0.0,-19.88,-19.87,-0.0,0.0,False
07-10s_rpm_stable,p_Pump,0.21,0.21,0.21,0.0,0.21,0.21,0.0,0.0,False
07-10s_rpm_stable,p_Shut,-19.63,-19.62,-19.62,0.0,-19.63,-19.62,-0.0,0.0,False
10-15s_throttle_ramp,Flow_Bypass,45.27,21.6,39.3,8.67,21.32,47.6,-5.12,0.2,False
10-15s_throttle_ramp,Flow_Engine1,-25.4,-9.96,-21.56,5.56,-26.9,-9.96,3.3,0.0,False
10-15s_throttle_ramp,Flow_Engine2,-25.43,-9.9,-21.54,5.6,-26.89,-9.9,3.33,0.0,False
10-15s_throttle_ramp,Flow_Engine3,-25.43,-9.9,-21.54,5.6,-26.89,-9.9,3.33,0.0,False
10-15s_throttle_ramp,Flow_Engine4,-25.41,-9.95,-21.56,5.57,-26.9,-9.95,3.3,0.0,False
10-15s_throttle_ramp,Flow_PRV,0.12,-0.04,0.1,0.13,-0.17,0.33,-0.02,0.0,False
10-15s_throttle_ramp,Flow_Pump,2.75,3.04,2.78,0.26,2.34,3.31,0.03,0.0,False
10-15s_throttle_ramp,RPM_Motor,-0.0,0.0,-0.0,0.0,-0.0,0.0,0.0,17.0,False
10-15s_throttle_ramp,Signal_Throttle,-0.0,0.0,0.0,0.0,-0.0,0.0,0.0,5.0,False
10-15s_throttle_ramp,p_Combustion,-3.45,-3.12,-3.13,0.37,-3.48,-2.45,0.19,0.0,False
10-15s_throttle_ramp,p_FMU,-19.88,-15.87,-21.98,3.81,-29.1,-15.87,-0.26,0.0,False
10-15s_throttle_ramp,p_Pump,0.21,-0.07,0.17,0.23,-0.3,0.58,-0.03,0.0,False
10-15s_throttle_ramp,p_Shut,-19.63,-15.7,-21.7,3.75,-28.7,-15.7,-0.26,0.0,False
15-18s_high_plateau,Flow_Bypass,19.98,24.97,20.87,1.62,19.66,25.25,1.25,0.1,False
15-18s_high_plateau,Flow_Engine1,-9.04,-12.34,-9.59,1.0,-12.34,-8.98,-0.84,0.0,False
15-18s_high_plateau,Flow_Engine2,-8.98,-12.27,-9.53,0.99,-12.27,-8.92,-0.84,0.0,False
15-18s_high_plateau,Flow_Engine3,-8.99,-12.27,-9.53,0.99,-12.27,-8.93,-0.84,0.0,False
15-18s_high_plateau,Flow_Engine4,-9.04,-12.34,-9.58,1.0,-12.34,-8.98,-0.84,0.0,False
15-18s_high_plateau,Flow_PRV,0.02,0.06,0.01,0.08,-0.09,0.17,0.02,0.0,False
15-18s_high_plateau,Flow_Pump,2.95,2.86,2.97,0.14,2.66,3.14,-0.03,0.0,False
15-18s_high_plateau,RPM_Motor,0.0,0.0,0.0,0.0,-0.0,0.0,0.0,6.0,False
15-18s_high_plateau,Signal_Throttle,0.0,-0.0,0.0,0.0,-0.0,0.0,0.0,1.0,False
15-18s_high_plateau,p_Combustion,-3.04,-2.9,-3.05,0.08,-3.14,-2.87,0.03,0.0,False
15-18s_high_plateau,p_FMU,-14.6,-18.82,-15.32,1.28,-18.82,-14.51,-1.08,0.0,False
15-18s_high_plateau,p_Pump,0.04,0.11,0.02,0.13,-0.15,0.31,0.03,0.0,False
15-18s_high_plateau,p_Shut,-14.45,-18.59,-15.16,1.26,-18.59,-14.37,-1.06,0.0,False
18-22s_throttle_down,Flow_Bypass,26.53,47.34,41.66,7.28,26.15,47.34,5.65,0.1,False
18-22s_throttle_down,Flow_Engine1,-13.37,-26.73,-23.1,4.65,-26.74,-13.37,-3.62,0.0,False
18-22s_throttle_down,Flow_Engine2,-13.3,-26.71,-23.05,4.67,-26.71,-13.3,-3.64,0.0,False
18-22s_throttle_down,Flow_Engine3,-13.31,-26.71,-23.05,4.67,-26.71,-13.31,-3.63,0.0,False
18-22s_throttle_down,Flow_Engine4,-13.37,-26.73,-23.1,4.65,-26.74,-13.37,-3.62,0.0,False
18-22s_throttle_down,Flow_PRV,0.08,0.12,0.11,0.07,-0.06,0.23,0.01,0.0,False
18-22s_throttle_down,Flow_Pump,2.82,2.74,2.75,0.14,2.52,3.08,-0.02,0.0,False
18-22s_throttle_down,RPM_Motor,-0.0,-0.0,0.0,0.0,-0.0,0.0,0.0,10.0,False
18-22s_throttle_down,Signal_Throttle,0.0,0.0,-0.0,0.0,-0.0,0.0,-0.0,4.0,False
18-22s_throttle_down,p_Combustion,-2.83,-3.32,-3.0,0.35,-3.32,-2.44,-0.25,0.0,False
18-22s_throttle_down,p_FMU,-20.05,-27.84,-26.67,2.51,-29.13,-20.05,-1.54,0.0,False
18-22s_throttle_down,p_Pump,0.14,0.22,0.2,0.13,-0.11,0.41,0.02,0.0,False
18-22s_throttle_down,p_Shut,-19.8,-27.46,-26.32,2.47,-28.73,-19.8,-1.51,0.0,False
22-30s_final_stable,Flow_Bypass,47.33,47.33,47.34,0.0,47.33,47.34,0.0,0.0,False
22-30s_final_stable,Flow_Engine1,-26.73,-26.73,-26.73,0.0,-26.74,-26.73,-0.0,0.0,False
22-30s_final_stable,Flow_Engine2,-26.71,-26.71,-26.71,0.0,-26.71,-26.71,-0.0,0.0,False
22-30s_final_stable,Flow_Engine3,-26.71,-26.71,-26.71,0.0,-26.71,-26.71,-0.0,0.0,False
22-30s_final_stable,Flow_Engine4,-26.73,-26.73,-26.73,0.0,-26.74,-26.73,-0.0,0.0,False
22-30s_final_stable,Flow_PRV,0.12,0.12,0.12,0.0,0.12,0.12,0.0,0.0,False
22-30s_final_stable,Flow_Pump,2.74,2.74,2.74,0.0,2.74,2.74,0.0,0.0,False
22-30s_final_stable,RPM_Motor,0.0,0.0,0.0,0.0,-0.0,0.0,-0.0,16.0,False
22-30s_final_stable,Signal_Throttle,0.0,0.0,0.0,0.0,0.0,0.0,0.0,0.0,True
22-30s_final_stable,p_Combustion,-3.32,-3.32,-3.32,0.0,-3.32,-3.32,-0.0,0.0,False
22-30s_final_stable,p_FMU,-27.84,-27.83,-27.84,0.0,-27.84,-27.83,-0.0,0.0,False
22-30s_final_stable,p_Pump,0.22,0.22,0.22,0.0,0.22,0.22,0.0,0.0,False
22-30s_final_stable,p_Shut,-27.46,-27.46,-27.46,0.0,-27.47,-27.46,-0.0,0.0,False
