start_val,end_val,mean,std,min,max,slope,zero_crossings,monotonic,time_window,sensor,run
-0.0003065258031775324,-0.0003065258031775324,-0.0003065258031775324,0.0,-0.0003065258031775324,-0.0003065258031775324,3.0392485194465547e-20,0,True,00-05s_idle,p_Pump,3
0.00032827964734879106,0.00032827964734879106,0.0003282796473487911,5.421010862427522e-20,0.00032827964734879106,0.00032827964734879106,-2.937910227597205e-20,0,True,00-05s_idle,p_FMU,3
0.00034700963876291887,0.00034700963876291887,0.0003470096387629188,5.421010862427522e-20,0.00034700963876291887,0.00034700963876291887,-2.342102018549398e-20,0,True,00-05s_idle,p_Shut,3
0.0015125477363523321,0.0015125477363523321,0.0015125477363523321,0.0,0.0015125477363523321,0.0015125477363523321,-2.777342461328382e-19,0,True,00-05s_idle,p_Combustion,3
0.0013782739861473905,0.0013782739861473905,0.0013782739861473905,0.0,0.0013782739861473905,0.0013782739861473905,2.964007682153096e-20,0,True,00-05s_idle,Flow_PRV,3
1.324004305606455e-05,1.324004305606455e-05,1.324004305606455e-05,0.0,1.324004305606455e-05,1.324004305606455e-05,-1.182190823934658e-21,0,True,00-05s_idle,Flow_Bypass,3
1.4379517618152937e-05,1.4379517618152937e-05,1.4379517618152939e-05,1.6940658945086007e-21,1.4379517618152937e-05,1.4379517618152937e-05,-1.8387338682971913e-21,0,True,00-05s_idle,Flow_Pump,3
8.902896068777371e-06,8.902896068777371e-06,8.902896068777371e-06,0.0,8.902896068777371e-06,8.902896068777371e-06,-1.0062754352156642e-21,0,True,00-05s_idle,Flow_Engine1,3
8.900487770708443e-06,8.900487770708443e-06,8.900487770708443e-06,0.0,8.900487770708443e-06,8.900487770708443e-06,2.8288665228355334e-22,0,True,00-05s_idle,Flow_Engine2,3
8.898426582258538e-06,8.898426582258538e-06,8.898426582258536e-06,1.6940658945086007e-21,8.898426582258538e-06,8.898426582258538e-06,-2.6771094936416014e-22,0,True,00-05s_idle,Flow_Engine3,3
8.86911450440073e-06,8.86911450440073e-06,8.86911450440073e-06,0.0,8.86911450440073e-06,8.86911450440073e-06,-9.058709359563291e-23,0,True,00-05s_idle,Flow_Engine4,3
0.0,0.0,0.0,0.0,0.0,0.0,0.0,0,True,00-05s_idle,RPM_Motor,3
-3.87215061601966e-15,-3.87215061601966e-15,-3.87215061601966e-15,0.0,-3.87215061601966e-15,-3.87215061601966e-15,2.1356808698873333e-31,0,True,00-05s_idle,Signal_Throttle,3
-0.0003065258031775324,0.15894788820716704,3.6008416541075485,4.8130061942034885,-0.0003065258031775324,12.310068293360397,-2.911637796157503,1,False,05-07s_rpm_ramp,p_Pump,3
0.00032827964734879106,-22.094274472555497,-14.768783895925669,8.51814505052024,-22.097121099056654,0.00032827964734879106,-13.700630603249365,1,False,05-07s_rpm_ramp,p_FMU,3
0.00034700963876291887,-21.987256633233873,-14.729364661487285,8.450392877866152,-21.990181565881812,0.00034700963876291887,-13.58912287034442,1,False,05-07s_rpm_ramp,p_Shut,3
0.0015125477363523321,-10.967300995708316,-9.164477080295333,3.2123115616501443,-10.967667361315447,0.0015125477363523321,-4.075990089408148,1,False,05-07s_rpm_ramp,p_Combustion,3
0.0013782739861473905,0.08922651397708967,2.5553708192634517,3.2539479314591486,0.0013782739861473905,8.418243262682285,-2.3759821545350084,0,False,05-07s_rpm_ramp,Flow_PRV,3
1.324004305606455e-05,34.26880586042621,17.542272675951335,16.25401649448914,1.324004305606455e-05,34.27118892535848,25.646913989413516,0,False,05-07s_rpm_ramp,Flow_Bypass,3
1.4379517618152937e-05,-2.474001868867972,-4.755788761506825,4.1179086325816945,-12.49190586893156,1.4379517618152937e-05,1.1385574780162802,1,False,05-07s_rpm_ramp,Flow_Pump,3
8.902896068777371e-06,-24.920353773113433,-17.116746389625,9.341889726144947,-24.922218008561323,8.902896068777371e-06,-14.914106814073909,1,False,05-07s_rpm_ramp,Flow_Engine1,3
8.900487770708443e-06,-24.939119128506295,-17.12182036726387,9.350781342984321,-24.941036109126635,8.900487770708443e-06,-14.93226262003935,1,False,05-07s_rpm_ramp,Flow_Engine2,3
8.898426582258538e-06,-24.93760265990089,-17.120441529928314,9.350329949922541,-24.939412722323762,8.898426582258538e-06,-14.931645833526622,1,False,05-07s_rpm_ramp,Flow_Engine3,3
8.86911450440073e-06,-24.918175349052703,-17.103155758032766,9.345397777414423,-24.919979448995573,8.86911450440073e-06,-14.92490945471048,1,False,05-07s_rpm_ramp,Flow_Engine4,3
0.0,-1.7884653084337555e-14,3.3533724533132906e-15,1.1627173903840242e-14,-1.7884653084337555e-14,1.7884653084337555e-14,7.451938785140629e-16,5,False,05-07s_rpm_ramp,RPM_Motor,3
-3.87215061601966e-15,-3.87215061601966e-15,-3.87215061601966e-15,0.0,-3.87215061601966e-15,-3.87215061601966e-15,1.352917102294144e-31,0,True,05-07s_rpm_ramp,Signal_Throttle,3
0.15894788820716704,0.15900730797845944,0.15895085919573168,4.446568523532288e-05,0.15890332337869775,0.15903701786410565,-1.830341169275119e-05,0,False,07-10s_rpm_stable,p_Pump,3
-22.095339969625762,-22.094926493150734,-22.095091883740746,0.001218443473108503,-22.097423254942253,-22.091968546060148,-0.0002496193829322419,0,False,07-10s_rpm_stable,p_FMU,3
-21.98831566057192,-21.987912221585997,-21.98810497576816,0.0011885938514996672,-21.990467335163512,-21.98512176860003,-0.0002509486549356697,0,False,07-10s_rpm_stable,p_Shut,3
-10.967667361315447,-10.968693185015415,-10.968136309292577,0.0003705427860233572,-10.968693185015415,-10.967374268829742,-0.0003624402613397054,0,False,07-10s_rpm_stable,p_Combustion,3
0.08922651397710384,0.08911946357040686,0.08918993842148201,4.07245161155255e-05,0.08911946357040686,0.08923989527793211,3.823228808074476e-06,0,False,07-10s_rpm_stable,Flow_PRV,3
34.269602983191,34.2687062200806,34.269269188033256,0.0011052029732773125,34.26673001989288,34.27142972286034,0.0001238090603818569,0,False,07-10s_rpm_stable,Flow_Bypass,3
-2.47417241911402,-2.474129781552499,-2.4743344418477338,0.00020311476986539141,-2.474684069852091,-2.4739592313064875,7.6138502680906635e-06,0,False,07-10s_rpm_stable,Flow_Pump,3
-24.921046203422655,-24.92067335633307,-24.920872208114176,0.0007756474541995495,-24.92243106404109,-24.918968912495,-0.00013791537751944925,0,False,07-10s_rpm_stable,Flow_Engine1,3
-24.939811371508107,-24.93949187473804,-24.93966582297952,0.0007800556435108172,-24.941249106973345,-24.937787891964412,-0.00014358336987376792,0,False,07-10s_rpm_stable,Flow_Engine2,3
-24.938241505461907,-24.9378688455513,-24.938035655225573,0.0007563587178474056,-24.93951919658393,-24.936112020258527,-0.00011217823839054696,0,False,07-10s_rpm_stable,Flow_Engine3,3
-24.918812090209002,-24.918387596104804,-24.91860691805864,0.0007752265265942304,-24.920085572521625,-24.916636557924964,-0.00011370377791356433,0,False,07-10s_rpm_stable,Flow_Engine4,3
1.7884653084337555e-14,0.0,3.576930616867511e-15,1.3383648864580193e-14,-1.7884653084337555e-14,1.7884653084337555e-14,-1.9162128304647333e-15,6,False,07-10s_rpm_stable,RPM_Motor,3
-3.87215061601966e-15,-3.87215061601966e-15,-3.87215061601966e-15,0.0,-3.87215061601966e-15,-3.87215061601966e-15,-3.7953378057550784e-31,0,True,07-10s_rpm_stable,Signal_Throttle,3
0.15890332337869775,0.29494488975264505,0.18789541818768501,0.09402671573031744,0.10012231462769214,0.5469144299180626,0.03264276556903857,0,False,10-15s_throttle_ramp,p_Pump,3
-22.096675816698934,-17.532738388276908,-24.330032101740855,4.102235142602857,-31.935634792943723,-17.532738388276908,-0.26002055317687095,0,False,10-15s_throttle_ramp,p_FMU,3
-21.989626837276173,-17.87345653360656,-24.313196694793472,4.033548472707775,-31.80487711584259,-17.87345653360656,-0.34561499415308977,0,False,10-15s_throttle_ramp,p_Shut,3
-10.96840009252971,-10.243875467867511,-10.520496155875676,0.4796124576864819,-10.969132823743971,-9.752799008069164,0.2786898082293604,0,False,10-15s_throttle_ramp,p_Combustion,3
0.08915960747293417,0.16654367020981037,0.10571441761567893,0.05337368674885812,0.0562014635128512,0.30968344525674335,0.01860067722763442,0,False,10-15s_throttle_ramp,Flow_PRV,3
34.27003475802195,4.222510190442377,26.47050794975351,10.771670798993858,4.222510190442377,36.21024817426637,-6.511635937306411,0,False,10-15s_throttle_ramp,Flow_Bypass,3
-2.474385606921516,-2.626686976623659,-2.50654456131239,0.09644472950504049,-2.869252064035633,-2.423348445797944,-0.03565221700698009,0,False,10-15s_throttle_ramp,Flow_Pump,3
-24.921738633731863,-5.971625514396941,-19.993415975942654,6.77731068283034,-26.164278191680484,-5.971625514396941,4.103324189488759,0,False,10-15s_throttle_ramp,Flow_Engine1,3
-24.94050361450988,-5.89988060528267,-19.962311551436514,6.8144911610188075,-26.157520061108038,-5.89988060528267,4.132997929083917,0,False,10-15s_throttle_ramp,Flow_Engine2,3
-24.93904006241317,-5.902294138224687,-19.963391410441872,6.812723254911819,-26.15737178440031,-5.902294138224687,4.131510069923114,0,False,10-15s_throttle_ramp,Flow_Engine3,3
-24.919554954891368,-5.958411493644313,-19.987279426748334,6.781259938563125,-26.16066959205466,-5.958411493644313,4.1060373873673415,0,False,10-15s_throttle_ramp,Flow_Engine4,3
-1.7884653084337555e-14,0.0,-3.576930616867511e-15,1.3383648864580193e-14,-1.7884653084337555e-14,1.7884653084337555e-14,4.815098907321682e-16,17,False,10-15s_throttle_ramp,RPM_Motor,3
-3.87215061601966e-15,3.097720492815728e-14,1.0842021724855046e-15,9.704817677296015e-15,-1.548860246407864e-14,3.097720492815728e-14,3.112613379800418e-15,5,False,10-15s_throttle_ramp,Signal_Throttle,3
0.5908999156172609,0.4116750304565627,0.491911528291732,0.07237739380022289,0.38722379456974054,0.6208920451770992,-0.024071904311160724,0,False,15-18s_high_plateau,p_Pump,3
-15.97560188626134,-20.845766353265926,-16.83408188744099,1.468724317097763,-20.845766353265926,-15.945115947698667,-1.2496539830098565,0,False,15-18s_high_plateau,p_FMU,3
-16.346171012563513,-21.092143193174646,-17.18474920272871,1.4316476507529534,-21.092143193174646,-16.31613161806999,-1.2185631425776882,0,False,15-18s_high_plateau,p_Shut,3
-9.774561125132744,-10.071756905637383,-9.888066075096678,0.14881260329957466,-10.179541667255315,-9.766281262411583,-0.12660548623568776,0,False,15-18s_high_plateau,p_Combustion,3
0.33484029082920047,0.2326339150407863,0.2784523811913347,0.04124111605391605,0.21893146298431035,0.35204864370480754,-0.01375454354901532,0,False,15-18s_high_plateau,Flow_PRV,3
1.8991140737158008,8.450716155173739,3.133667803485351,1.922023023974695,1.813533869339845,8.450716155173739,1.6152560568841405,0,False,15-18s_high_plateau,Flow_Bypass,3
-2.9146184294787774,-2.7358817716424735,-2.8179676050552716,0.07070166945905594,-2.9437398839879108,-2.7176328953175535,0.024687148112408446,0,False,15-18s_high_plateau,Flow_Pump,3
-4.85111348247972,-8.80132186880276,-5.516791125284915,1.1820084881984163,-8.80132186880276,-4.833163558310098,-0.9982334047846928,0,False,15-18s_high_plateau,Flow_Engine1,3
-4.783612140174948,-8.720398091321227,-5.446979733874391,1.1778281000182595,-8.720398091321227,-4.765187826435142,-0.9945363921840912,0,False,15-18s_high_plateau,Flow_Engine2,3
-4.785272674788624,-8.723862032710962,-5.449256808630336,1.1782179916210431,-8.723862032710962,-4.767331761950075,-0.9948821777393588,0,False,15-18s_high_plateau,Flow_Engine3,3
-4.837163379155321,-8.788460624602159,-5.50336088884052,1.1821870001701678,-8.788460624602159,-4.8191223797267115,-0.998332435503698,0,False,15-18s_high_plateau,Flow_Engine4,3
1.7884653084337555e-14,1.7884653084337555e-14,4.769240822490015e-15,1.5269020752319995e-14,-1.7884653084337555e-14,1.7884653084337555e-14,2.554950440619617e-15,6,False,15-18s_high_plateau,RPM_Motor,3
0.0,-1.548860246407864e-14,1.0325734976052426e-15,1.053022482701577e-14,-1.548860246407864e-14,3.097720492815728e-14,2.7658218685853854e-16,1,False,15-18s_high_plateau,Signal_Throttle,3
0.358687449406566,0.16527609384980754,0.1663723886301523,0.06613707036831698,0.08499998283377663,0.358687449406566,-0.010594366515355684,0,False,18-22s_throttle_down,p_Pump,3
-22.246608747720764,-30.481390321444835,-29.330555682468844,2.6244510460672834,-31.959266563785732,-22.246608747720764,-1.5666474772946206,0,False,18-22s_throttle_down,p_FMU,3
-22.453917870242723,-30.313716193997408,-29.252226197139255,2.5094287436749005,-31.823821938223233,-22.453917870242723,-1.4734042980568516,0,False,18-22s_throttle_down,p_Shut,3
-10.026400843474569,-10.771148849650396,-10.384915235644717,0.423016877105571,-10.771368669014675,-9.750014629454968,-0.3203156540175034,0,False,18-22s_throttle_down,p_Combustion,3
0.20252598815888098,0.09267888959290771,0.09353127845617551,0.037402912952708776,0.04785153179095475,0.20252598815888098,-0.006124208886552238,0,False,18-22s_throttle_down,Flow_PRV,3
10.506581572533998,35.57809660833243,28.838320751226338,8.607893272905436,10.506581572533998,35.57994825808816,6.70158156439245,0,False,18-22s_throttle_down,Flow_Bypass,3
-2.6827127324435764,-2.4761763845048184,-2.482175489408829,0.06655780861133138,-2.6827127324435764,-2.4114099285760493,0.01527771151252747,0,False,18-22s_throttle_down,Flow_Pump,3
-10.04466038480047,-25.757129169862946,-21.471568795207343,5.450210160925101,-25.758780349831085,-10.04466038480047,-4.249856701554659,0,False,18-22s_throttle_down,Flow_Engine1,3
-9.961110548365063,-25.721992714062452,-21.413922228909286,5.47177077251934,-25.72369669683609,-9.961110548365063,-4.268656014346018,0,False,18-22s_throttle_down,Flow_Engine2,3
-9.964446875073502,-25.723489174210446,-21.41661865964501,5.470720551807999,-25.72513952524307,-9.964446875073502,-4.267704298199464,0,False,18-22s_throttle_down,Flow_Engine3,3
-10.032493658731882,-25.752040954996318,-21.46451784813924,5.45250531305186,-25.753526684361034,-10.032493658731882,-4.251675497366575,0,False,18-22s_throttle_down,Flow_Engine4,3
-1.7884653084337555e-14,-1.7884653084337555e-14,0.0,1.3853392709667292e-14,-1.7884653084337555e-14,1.7884653084337555e-14,6.72355379110434e-16,10,False,18-22s_throttle_down,RPM_Motor,3
0.0,0.0,-3.87215061601966e-16,7.12938537552498e-15,-1.548860246407864e-14,1.548860246407864e-14,-4.949365449047689e-16,4,False,18-22s_throttle_down,Signal_Throttle,3
0.16523152902133822,0.16523152902133822,0.16522484429706785,4.380949058478999e-05,0.16512754442157657,0.16529094879263065,-2.92639586573981e-07,0,False,22-30s_final_stable,p_Pump,3
-30.479322939069693,-30.477541809638804,-30.480001199518153,0.0019045508559608032,-30.485445571488384,-30.47615825374159,-0.00013510040979321055,0,False,22-30s_final_stable,p_FMU,3
-30.311816668772025,-30.310186102870585,-30.312509239031193,0.0018854456563605125,-30.31776739381439,-30.30863958675788,-0.0001336596640344335,0,False,22-30s_final_stable,p_Shut,3
-10.770929030286117,-10.773273770171757,-10.77230290131286,0.0007037176674402816,-10.773859955143166,-10.770929030286117,-0.0002801012850015136,0,False,22-30s_final_stable,p_Combustion,3
0.09271903349540667,0.0927859399995905,0.0927454615645517,4.993283104466351e-05,0.09267888959287936,0.0928127026012612,4.8140045700907946e-06,0,False,22-30s_final_stable,Flow_PRV,3
35.576253261938845,35.57512400468872,35.57672302465153,0.0011468276128625066,35.57453446597722,35.5795829101543,1.5901795304612235e-05,0,False,22-30s_final_stable,Flow_Bypass,3
-2.4763042971893454,-2.475920559135783,-2.476174252626749,0.0001715996324138215,-2.476602760119865,-2.4758352840127773,-3.8797781115849165e-06,0,False,22-30s_final_stable,Flow_Pump,3
-25.756276947943928,-25.75505187893532,-25.756411439215526,0.0008804654242986764,-25.758780349831095,-25.754785559585624,-2.016132412714162e-05,0,False,22-30s_final_stable,Flow_Engine1,3
-25.721087473213977,-25.719969234518803,-25.721227253050877,0.0008637817319139875,-25.72348369898938,-25.71964973774874,-1.8857102983966555e-05,0,False,22-30s_final_stable,Flow_Engine2,3
-25.722584142999022,-25.72146616326723,-25.722773134810815,0.0008808251698831625,-25.725192762373183,-25.721146740486724,-2.7467562425557393e-05,0,False,22-30s_final_stable,Flow_Engine3,3
-25.751085843261862,-25.749865422712265,-25.75121186494904,0.0008819822357348394,-25.75357974612406,-25.749440928608074,-2.272297825541003e-05,0,False,22-30s_final_stable,Flow_Engine4,3
1.7884653084337555e-14,1.7884653084337555e-14,1.788465308433755e-15,1.589622736998351e-14,-1.7884653084337555e-14,1.7884653084337555e-14,-6.710939243653806e-16,16,False,22-30s_final_stable,RPM_Motor,3
0.0,0.0,0.0,0.0,0.0,0.0,0.0,0,True,22-30s_final_stable,Signal_Throttle,3
